MEMORY
  total           16307 KB
  struct            159 KB
  buffer            788 KB
  arena           15360 KB, used 0.6%

SIZES
  narena                15728640
  nbuffer               806416
  nplugin               0
  maxuse_stack          18832
  maxuse_arena          87444
  maxuse_con            7
  maxuse_efc            57
  ncon                  1
  ne                    0
  nf                    29
  nl                    0
  nefc                  33
  nJ                    1155
  nA                    0
  nisland               1
  nidof                 35
  ntree_awake           1
  nbody_awake           31
  nparent_awake         30
  nv_awake              35
  flg_energypos         0
  flg_energyvel         0
  flg_subtreevel        0
  flg_rnepost           1
  threadpool            0

TIMER
    0:  duration =  3.4        number = 4
    1:  duration =  3.3        number = 4
    2:  duration =  0          number = 0
    3:  duration =  2.7        number = 4
    4:  duration =  0.073      number = 4
    5:  duration =  0.024      number = 4
    6:  duration =  0.34       number = 4
    7:  duration =  0.063      number = 4
    8:  duration =  0.15       number = 4
    9:  duration =  0.081      number = 4
    10:  duration =  2.2        number = 4
    11:  duration =  0.26       number = 4
    12:  duration =  0.0017     number = 4
    13:  duration =  0.17       number = 4
    14:  duration =  1.7        number = 4

SOLVER STAT
  solver_fwdinv =   0         0       
  ISLAND 0
    solver_niter = 1
    solver_nnz = 1225
      0:  improvement =  7e-10       gradient =  4.7e-19     lineslope =  0       
          nactive = 33   nchange = 0   neval = 2   nupdate = 0

ENERGY =   0         0       

TIME =  7.7e+02 

QPOS
   0.005   
   0.00098 
   1.3     
  -0.08    
   0.038   
  -0.0043  
  -1       
  -0.0029  
  -0.0031  
  -0.0051  
  -0.013   
   0.034   
   7.5e-05 
  -0.0014  
   0.00088 
   0.0061  
  -0.012   
   0.034   
  -0.0001  
   0.0049  
   0.00022 
  -0.0082  
  -0.33    
   0.008   
   0.011   
   0.33    
   1.5     
  -0.018   
  -0.056   
  -0.048   
  -0.021   
  -0.012   
   1.3     
   0.0077  
  -0.016   
   0.041   

QVEL
  -0.0038  
   0.0011  
  -0.00011 
  -0.0022  
  -0.0041  
  -0.0025  
   0.00012 
  -1e-05   
   4.5e-05 
   9.3e-05 
   2.7e-05 
  -5.9e-06 
   0.00013 
  -1.2e-05 
   4e-05   
   0.00011 
   2.5e-05 
  -5.8e-06 
  -2.9e-05 
   2.3e-05 
  -0.00011 
  -6.8e-05 
   4.4e-05 
   4.1e-05 
   5.7e-05 
   6.4e-07 
   2.8e-05 
  -2e-05   
  -2e-05   
   3e-05   
   1.4e-05 
   7.8e-05 
  -3.4e-05 
   9.9e-05 
  -1.1e-05 

QACC_WARMSTART
  -0.027   
  -0.0054  
   6.7e-05 
   0.0056  
  -0.022   
   0.0027  
  -0.00048 
  -0.00011 
   0.00016 
  -0.00024 
  -4.3e-05 
  -2.2e-05 
  -0.00015 
  -0.00011 
   0.00017 
  -0.00016 
  -4.7e-05 
  -2.3e-05 
   0.00019 
   0.00011 
   0.00042 
   0.00024 
   0.00026 
   0.00017 
  -9.2e-06 
  -1.4e-06 
   5.8e-05 
   1.7e-05 
   8.8e-06 
   4e-05   
  -1.1e-05 
  -0.00023 
  -4.2e-05 
  -0.00023 
  -6.2e-05 

CTRL
   0.16    
  -0.04    
   0.0021  
   0.011   
  -0.13    
   8.1e-05 
   0.11    
   0.12    
  -0.019   
   0.021   
  -0.13    
   0.00034 
  -0.28    
   0.048   
  -1.2     
  -3.2     
   0.31    
   0.034   
  -1.9     
  -0.0072  
  -0.034   
   0.17    
   0.36    
   0.056   
   0.048   
   0.13    
  -0.0011  
   0.079   
   0.033   

QFRC_APPLIED
   0       
   0       
   0       
   0       
   0       
   0       
   0       
   0       
   0       
   0       
   0       
   0       
   0       
   0       
   0       
   0       
   0       
   0       
   0       
   0       
   0       
   0       
   0       
   0       
   0       
   0       
   0       
   0       
   0       
   0       
   0       
   0       
   0       
   0       
   0       

XFRC_APPLIED
   0         0         0         0         0         0       
   0         0         0         0         0         0       
   0         0         0         0         0         0       
   0         0         0         0         0         0       
   0         0         0         0         0         0       
   0         0         0         0         0         0       
   0         0         0         0         0         0       
   0         0         0         0         0         0       
   0         0         0         0         0         0       
   0         0         0         0         0         0       
   0         0         0         0         0         0       
   0         0         0         0         0         0       
   0         0         0         0         0         0       
   0         0         0         0         0         0       
   0         0         0         0         0         0       
   0         0         0         0         0         0       
  -1        -0.2       3.4e+02   0         0         0       
   0         0         0         0         0         0       
   0         0         0         0         0         0       
   0         0         0         0         0         0       
   0         0         0         0         0         0       
   0         0         0         0         0         0       
   0         0         0         0         0         0       
   0         0         0         0         0         0       
   0         0         0         0         0         0       
   0         0         0         0         0         0       
   0         0         0         0         0         0       
   0         0         0         0         0         0       
   0         0         0         0         0         0       
   0         0         0         0         0         0       
   0         0         0         0         0         0       

QACC
  -0.027   
  -0.0054  
   6.7e-05 
   0.0056  
  -0.022   
   0.0027  
  -0.00048 
  -0.00011 
   0.00016 
  -0.00024 
  -4.3e-05 
  -2.2e-05 
  -0.00015 
  -0.00011 
   0.00017 
  -0.00016 
  -4.7e-05 
  -2.3e-05 
   0.00019 
   0.00011 
   0.00042 
   0.00024 
   0.00026 
   0.00017 
  -9.2e-06 
  -1.4e-06 
   5.8e-05 
   1.7e-05 
   8.8e-06 
   4e-05   
  -1.1e-05 
  -0.00023 
  -4.2e-05 
  -0.00023 
  -6.2e-05 

SENSOR
  -0.0029  
  -0.0031  
  -0.0051  
  -0.013   
   0.034   
   7.5e-05 
  -0.0014  
   0.00088 
   0.0061  
  -0.012   
   0.034   
  -0.0001  
   0.0049  
   0.00022 
  -0.0082  
  -0.33    
   0.008   
   0.011   
   0.33    
   1.5     
  -0.018   
  -0.056   
  -0.048   
  -0.021   
  -0.012   
   1.3     
   0.0077  
  -0.016   
   0.041   
   0.00012 
  -1e-05   
   4.5e-05 
   9.4e-05 
   2.7e-05 
  -5.9e-06 
   0.00013 
  -1.2e-05 
   3.9e-05 
   0.00011 
   2.5e-05 
  -5.7e-06 
  -2.9e-05 
   2.3e-05 
  -0.00011 
  -6.9e-05 
   4.3e-05 
   4e-05   
   5.7e-05 
   6.5e-07 
   2.8e-05 
  -2e-05   
  -2e-05   
   3e-05   
   1.4e-05 
   7.8e-05 
  -3.4e-05 
   9.9e-05 
  -1.1e-05 
   0.16    
  -0.04    
   0.0021  
   0.011   
  -0.13    
   8.1e-05 
   0.11    
   0.12    
  -0.019   
   0.021   
  -0.13    
   0.00034 
  -0.28    
   0.048   
  -1.2     
  -3.2     
   0.31    
   0.034   
  -1.9     
  -0.0072  
  -0.034   
   0.17    
   0.36    
   0.056   
   0.048   
   0.13    
  -0.0011  
   0.079   
   0.033   
  -0.08    
   0.038   
  -0.0043  
  -1       
  -0.0023  
  -0.0041  
  -0.0025  
  -0.73    
   0.034   
   9.8     
   0.005   
   0.00098 
   1.3     
  -0.0037  
   0.0011  
  -0.00011 
  -0.077   
   0.038   
  -0.0045  
  -1       
  -0.0023  
  -0.0041  
  -0.0025  
  -0.73    
   0.039   
   9.8     

TREE_ASLEEP
  -11

XPOS
   0         0         0       
   0.005     0.00098   1.3     
   0.0025   -0.064     1.2     
  -0.0036   -0.12      1.1     
  -0.04     -0.11      1       
   0.018    -0.12      0.84    
   0.036    -0.12      0.54    
   0.038    -0.13      0.52    
   0.023     0.063     1.2     
   0.034     0.11      1.1     
  -0.0032    0.12      1       
   0.057     0.11      0.84    
   0.075     0.11      0.54    
   0.077     0.11      0.52    
   0.005     0.00098   1.3     
   0.0063    0.00088   1.3     
   0.0049    0.0012    1.3     
  -0.031    -0.094     1.6     
  -0.041    -0.13      1.6     
  -0.068    -0.13      1.5     
  -0.1      -0.13      1.4     
  -0.2      -0.11      1.4     
  -0.24     -0.098     1.4     
  -0.28     -0.087     1.4     
   0.00046   0.1       1.6     
   0.0062    0.14      1.6     
   0.0096    0.15      1.5     
  -0.004     0.16      1.4     
  -0.022     0.16      1.3     
  -0.032     0.16      1.2     
  -0.045     0.17      1.2     

XQUAT
   1         0         0         0       
  -0.08      0.038    -0.0043   -1       
  -0.08      0.037    -0.0042   -1       
  -0.08     -0.05      0.0043   -1       
  -0.083    -0.05      0.0042   -1       
  -0.083     0.031    -0.0025   -1       
  -0.083     0.048    -0.0039   -1       
  -0.083     0.048    -0.004    -1       
  -0.08      0.037    -0.0043   -1       
  -0.08     -0.05      0.0023   -1       
  -0.077    -0.05      0.0024   -1       
  -0.077     0.031    -0.0038   -1       
  -0.077     0.049    -0.0051   -1       
  -0.077     0.049    -0.0051   -1       
  -0.077     0.038    -0.0044   -1       
  -0.077     0.038    -0.0045   -1       
  -0.077     0.034    -0.0042   -1       
  -0.1      -0.14     -0.13     -0.98    
  -0.12     -0.13      0.0059   -0.98    
  -0.12     -0.13      0.0066   -0.99    
  -0.12      0.037    -0.013    -0.99    
  -0.11     -0.051    -0.67     -0.73    
  -0.12     -0.057    -0.67     -0.73    
  -0.14     -0.039    -0.67     -0.72    
  -0.069     0.021     0.14     -0.99    
  -0.071     0.012     0.0081   -1       
  -0.077     0.012     0.0082   -1       
  -0.067     0.6      -0.039    -0.8     
  -0.069     0.6      -0.042    -0.8     
  -0.069     0.59     -0.041    -0.8     
  -0.053     0.59     -0.053    -0.8     

XMAT
   1         0         0         0         1         0         0         0         1       
  -0.98     -0.16     -0.075     0.16     -0.99      0.015    -0.077     0.0025    1       
  -0.98     -0.16     -0.073     0.16     -0.99      0.014    -0.074     0.0025    1       
  -0.98     -0.16      0.099     0.16     -0.99     -0.017     0.1      -0.00061   0.99    
  -0.98     -0.16      0.099     0.16     -0.99     -0.017     0.1      -9e-05     0.99    
  -0.98     -0.16     -0.06      0.16     -0.99      0.01     -0.061    -9e-05     1       
  -0.98     -0.16     -0.094     0.16     -0.99      0.016    -0.096    -9e-05     1       
  -0.98     -0.16     -0.094     0.16     -0.99      0.016    -0.096    -1.5e-05   1       
  -0.98     -0.16     -0.074     0.16     -0.99      0.015    -0.075     0.0025    1       
  -0.98     -0.16      0.099     0.16     -0.99     -0.012     0.099     0.0034    1       
  -0.98     -0.15      0.099     0.15     -0.99     -0.012     0.099     0.0028    1       
  -0.99     -0.15     -0.062     0.15     -0.99      0.012    -0.063     0.0028    1       
  -0.98     -0.15     -0.096     0.15     -0.99      0.018    -0.098     0.0028    1       
  -0.98     -0.15     -0.096     0.15     -0.99      0.018    -0.098     0.0027    1       
  -0.99     -0.15     -0.075     0.15     -0.99      0.015    -0.077     0.0029    1       
  -0.99     -0.15     -0.075     0.15     -0.99      0.015    -0.077     0.0031    1       
  -0.99     -0.15     -0.067     0.15     -0.99      0.014    -0.069     0.0031    1       
  -0.94     -0.17      0.3       0.24     -0.95      0.22      0.25      0.28      0.93    
  -0.94     -0.24      0.25      0.24     -0.97     -0.042     0.25      0.019     0.97    
  -0.94     -0.23      0.25      0.23     -0.97     -0.042     0.25      0.017     0.97    
  -0.97     -0.23     -0.07      0.23     -0.97      0.034    -0.076     0.017     1       
  -0.97     -0.093     0.22      0.23     -0.065     0.97     -0.076     0.99      0.085   
  -0.97     -0.093     0.24      0.25     -0.065     0.97     -0.074     0.99      0.086   
  -0.96     -0.15      0.24      0.25     -0.051     0.97     -0.13      0.99      0.086   
  -0.99     -0.13     -0.059     0.14     -0.95     -0.27     -0.022    -0.27      0.96    
  -0.99     -0.14     -0.024     0.14     -0.99     -0.015    -0.022    -0.018     1       
  -0.99     -0.15     -0.024     0.15     -0.99     -0.015    -0.022    -0.018     1       
  -0.27     -0.15     -0.95      0.06     -0.99      0.14     -0.96     -0.018     0.28    
  -0.27     -0.16     -0.95      0.06     -0.99      0.15     -0.96     -0.016     0.28    
  -0.29     -0.16     -0.94      0.062    -0.99      0.15     -0.96     -0.016     0.29    
  -0.29     -0.15     -0.94      0.022    -0.99      0.15     -0.96      0.023     0.29    

XIPOS
   0         0         0       
   0.011    -0.00014   1.2     
  -0.0059   -0.11      1.1     
  -0.041    -0.11      1.1     
   0.003    -0.11      0.87    
   0.02     -0.13      0.72    
   0.043    -0.13      0.55    
   0.014    -0.12      0.5     
   0.03      0.11      1.1     
  -0.0045    0.12      1.1     
   0.037     0.1       0.87    
   0.059     0.12      0.72    
   0.081     0.11      0.55    
   0.052     0.11      0.5     
  -0.0003    0.0019    1.3     
   0.0056    0.0013    1.3     
  -0.011     0.0039    1.5     
  -0.04     -0.13      1.6     
  -0.058    -0.14      1.5     
  -0.095    -0.13      1.4     
  -0.17     -0.12      1.4     
  -0.22     -0.1       1.4     
  -0.26     -0.093     1.4     
  -0.35     -0.067     1.4     
   0.0058    0.14      1.6     
   0.009     0.15      1.5     
   0.00026   0.15      1.4     
  -0.012     0.16      1.3     
  -0.026     0.16      1.3     
  -0.038     0.16      1.2     
  -0.067     0.17      1.1     

XIMAT
   1         0         0         0         1         0         0         0         1       
  -0.98     -0.16     -0.075     0.16     -0.99      0.015    -0.076     0.0025    1       
  -0.99     -0.13     -0.045     0.083    -0.81      0.58     -0.11      0.57      0.82    
  -0.92     -0.24     -0.3       0.23     -0.97      0.065    -0.31     -0.0092    0.95    
   0.061     0.9      -0.44     -1         0.031    -0.075    -0.054     0.44      0.9     
  -0.81      0.58     -0.076    -0.58     -0.81     -0.061    -0.098    -0.0051    1       
  -0.16      0.36     -0.92     -0.99     -0.061     0.15     -9e-05     0.93      0.37    
  -0.15      0.17     -0.97      0.027     0.99      0.16      0.99     -0.0015   -0.16    
  -0.97     -0.13     -0.22      0.23     -0.82     -0.53     -0.12     -0.56      0.82    
  -0.95     -0.08     -0.31      0.072    -1         0.036    -0.31      0.012     0.95    
  -0.37      0.84     -0.39     -0.93     -0.31      0.21      0.056     0.44      0.9     
  -0.59     -0.81     -0.046     0.8      -0.59      0.083    -0.094     0.012     1       
  -0.15      0.36     -0.92     -0.99     -0.053     0.14      0.0028    0.93      0.37    
  -0.16      0.15     -0.98      0.025     0.99      0.15      0.99     -0.0012   -0.16    
   0.13      0.09     -0.99     -0.026     1         0.088     0.99      0.014     0.13    
  -0.99     -0.16     -0.069     0.15     -0.99      0.055    -0.077     0.044     1       
  -0.98     -0.16     -0.1       0.16     -0.99      0.02     -0.1       0.0032    0.99    
   0.12      0.7       0.7      -0.77     -0.37      0.51      0.62     -0.6       0.5     
  -0.23      0.93      0.28     -0.97     -0.22     -0.068    -0.002    -0.29      0.96    
  -0.28      0.85      0.45     -0.96     -0.25     -0.14     -0.0059   -0.47      0.88    
  -0.6      -0.12     -0.79     -0.8       0.16      0.58      0.057     0.98     -0.19    
   0.22      0.89      0.4       0.97     -0.24     -0.012     0.084     0.39     -0.92    
   0.1       0.17     -0.98      0.63      0.75      0.2       0.77     -0.64     -0.032   
  -0.21      0.26     -0.94      0.0075    0.97      0.26      0.98      0.047    -0.2     
  -0.23      0.93      0.3      -0.7       0.052    -0.71     -0.67     -0.37      0.64    
  -0.16      0.99      0.016    -0.99     -0.16     -0.0026   -0.00015  -0.016     1       
  -0.11      0.97      0.21     -0.99     -0.11     -0.0049    0.018    -0.21      0.98    
   0.037    -0.98     -0.2      -0.94      0.035    -0.34      0.34      0.2      -0.92    
  -0.95      0.31      0.063     0.15      0.26      0.95      0.28      0.91     -0.3     
   0.55     -0.8      -0.24     -0.8      -0.59      0.1      -0.22      0.13     -0.97    
  -0.086    -0.95     -0.31     -0.99      0.11     -0.052     0.083     0.31     -0.95    

XANCHOR
   0.005     0.00098   1.3     
   0.0025   -0.064     1.2     
  -0.0036   -0.12      1.1     
  -0.04     -0.11      1       
   0.018    -0.12      0.84    
   0.036    -0.12      0.54    
   0.038    -0.13      0.52    
   0.023     0.063     1.2     
   0.034     0.11      1.1     
  -0.0032    0.12      1       
   0.057     0.11      0.84    
   0.075     0.11      0.54    
   0.077     0.11      0.52    
   0.005     0.00098   1.3     
   0.0063    0.00088   1.3     
   0.0049    0.0012    1.3     
  -0.031    -0.094     1.6     
  -0.041    -0.13      1.6     
  -0.068    -0.13      1.5     
  -0.1      -0.13      1.4     
  -0.2      -0.11      1.4     
  -0.24     -0.098     1.4     
  -0.28     -0.087     1.4     
   0.00046   0.1       1.6     
   0.0062    0.14      1.6     
   0.0096    0.15      1.5     
  -0.004     0.16      1.4     
  -0.022     0.16      1.3     
  -0.032     0.16      1.2     
  -0.045     0.17      1.2     

XAXIS
   0         0         1       
  -0.16     -0.99      0.0025  
  -0.98      0.16      0.1     
   0.099    -0.017     0.99    
  -0.16     -0.99     -9e-05   
  -0.16     -0.99     -9e-05   
  -0.98      0.16     -0.096   
  -0.16     -0.99      0.0025  
  -0.98      0.16      0.099   
   0.099    -0.012     1       
  -0.15     -0.99      0.0028  
  -0.15     -0.99      0.0028  
  -0.98      0.15     -0.098   
  -0.075     0.015     1       
  -0.99      0.15     -0.077   
  -0.15     -0.99      0.0031  
  -0.17     -0.95      0.28    
  -0.94      0.24      0.25    
   0.25     -0.042     0.97    
  -0.23     -0.97      0.017   
  -0.97      0.23     -0.076   
  -0.093    -0.065     0.99    
   0.24      0.97      0.086   
  -0.13     -0.95     -0.27    
  -0.99      0.14     -0.022   
  -0.024    -0.015     1       
  -0.15     -0.99     -0.018   
  -0.27      0.06     -0.96    
  -0.16     -0.99     -0.016   
  -0.94      0.15      0.29    

GEOM_XPOS
   0         0         0       
   0.011    -0.00015   1.2     
   0.01     -9.4e-05   1.2     
   0.01     -9.4e-05   1.2     
  -0.0023   -0.11      1.1     
  -0.0023   -0.11      1.1     
  -0.045    -0.11      1.1     
  -0.045    -0.11      1.1     
  -0.019    -0.11      0.93    
  -0.019    -0.11      0.93    
   0.013    -0.12      0.72    
   0.013    -0.12      0.72    
   0.041    -0.13      0.53    
   0.041    -0.13      0.53    
   0.013    -0.12      0.51    
   0.086    -0.16      0.5     
   0.094    -0.11      0.5     
  -0.082    -0.14      0.48    
  -0.072    -0.076     0.48    
   0.033     0.11      1.1     
   0.033     0.11      1.1     
  -0.0082    0.12      1.1     
  -0.0082    0.12      1.1     
   0.017     0.11      0.93    
   0.017     0.11      0.93    
   0.053     0.11      0.72    
   0.053     0.11      0.72    
   0.08      0.11      0.53    
   0.08      0.11      0.53    
   0.052     0.11      0.51    
   0.13      0.075     0.5     
   0.13      0.12      0.5     
  -0.043     0.096     0.48    
  -0.034     0.16      0.48    
  -0.00091   0.002     1.3     
   0.0057    0.001     1.3     
  -0.0096    0.0017    1.5     
  -0.0096    0.0017    1.5     
  -0.013     0.0035    1.5     
  -0.013     0.0035    1.5     
  -0.028     0.0073    1.7     
  -0.028     0.0073    1.7     
   0.0032    0.0013    1.3     
   0.0032    0.0013    1.3     
  -0.039    -0.13      1.6     
  -0.04     -0.13      1.6     
  -0.052    -0.14      1.5     
  -0.052    -0.14      1.5     
  -0.087    -0.13      1.4     
  -0.087    -0.13      1.4     
  -0.16     -0.12      1.4     
  -0.16     -0.12      1.4     
  -0.22     -0.1       1.4     
  -0.22     -0.1       1.4     
  -0.26     -0.093     1.4     
  -0.26     -0.093     1.4     
  -0.3      -0.082     1.4     
  -0.3      -0.082     1.4     
  -0.38     -0.057     1.4     
   0.0055    0.14      1.6     
   0.0062    0.14      1.6     
   0.0082    0.15      1.5     
   0.012     0.15      1.5     
   0.0022    0.15      1.4     
   0.0022    0.15      1.4     
  -0.0092    0.17      1.3     
  -0.0092    0.17      1.3     
  -0.027     0.16      1.3     
  -0.027     0.16      1.3     
  -0.038     0.16      1.2     
  -0.038     0.16      1.2     
  -0.051     0.17      1.2     
  -0.051     0.17      1.2     
  -0.08      0.17      1.1     

GEOM_XMAT
   1         0         0         0         1         0         0         0         1       
  -0.98     -0.16     -0.075     0.16     -0.99      0.015    -0.077     0.0027    1       
  -0.16     -0.052    -0.99     -0.99      0.0094    0.16      0.00096   1        -0.053   
  -0.16     -0.052    -0.99     -0.99      0.0094    0.16      0.00096   1        -0.053   
  -1        -0.02      0.082     0.065    -0.8       0.6       0.053     0.6       0.8     
  -1        -0.02      0.082     0.065    -0.8       0.6       0.053     0.6       0.8     
  -0.95     -0.17     -0.25      0.17     -0.98      0.034    -0.25     -0.0093    0.97    
  -0.95     -0.17     -0.25      0.17     -0.98      0.034    -0.25     -0.0093    0.97    
  -0.11      0.93     -0.36     -0.99     -0.11      0.017    -0.022     0.36      0.93    
  -0.11      0.93     -0.36     -0.99     -0.11      0.017    -0.022     0.36      0.93    
  -0.31      0.95     -0.096    -0.95     -0.31     -0.044    -0.072     0.078     0.99    
  -0.31      0.95     -0.096    -0.95     -0.31     -0.044    -0.072     0.078     0.99    
  -0.16      0.76     -0.62     -0.99     -0.13      0.1      -9e-05     0.63      0.77    
  -0.16      0.76     -0.62     -0.99     -0.13      0.1      -9e-05     0.63      0.77    
  -0.17      0.17     -0.97      0.031     0.99      0.16      0.98     -0.0018   -0.18    
  -0.98     -0.16     -0.094     0.16     -0.99      0.016    -0.096    -1.5e-05   1       
  -0.98     -0.16     -0.094     0.16     -0.99      0.016    -0.096    -1.5e-05   1       
  -0.98     -0.16     -0.094     0.16     -0.99      0.016    -0.096    -1.5e-05   1       
  -0.98     -0.16     -0.094     0.16     -0.99      0.016    -0.096    -1.5e-05   1       
  -0.97     -0.23     -0.11      0.25     -0.77     -0.59      0.051    -0.6       0.8     
  -0.97     -0.23     -0.11      0.25     -0.77     -0.59      0.051    -0.6       0.8     
  -0.96     -0.15     -0.25      0.14     -0.99      0.048    -0.25      0.012     0.97    
  -0.96     -0.15     -0.25      0.14     -0.99      0.048    -0.25      0.012     0.97    
  -0.21      0.91     -0.34     -0.98     -0.19      0.098     0.024     0.36      0.93    
  -0.21      0.91     -0.34     -0.98     -0.19      0.098     0.024     0.36      0.93    
  -0.0061    1        -0.079    -1        -0.00018   0.075     0.075     0.079     0.99    
  -0.0061    1        -0.079    -1        -0.00018   0.075     0.075     0.079     0.99    
  -0.15      0.76     -0.63     -0.99     -0.12      0.099     0.0028    0.63      0.77    
  -0.15      0.76     -0.63     -0.99     -0.12      0.099     0.0028    0.63      0.77    
  -0.18      0.15     -0.97      0.028     0.99      0.15      0.98     -0.00095  -0.18    
  -0.98     -0.15     -0.096     0.15     -0.99      0.018    -0.098     0.0027    1       
  -0.98     -0.15     -0.096     0.15     -0.99      0.018    -0.098     0.0027    1       
  -0.98     -0.15     -0.096     0.15     -0.99      0.018    -0.098     0.0027    1       
  -0.98     -0.15     -0.096     0.15     -0.99      0.018    -0.098     0.0027    1       
   0.094     0.15     -0.98     -0.012     0.99      0.15      1        -0.0029    0.095   
  -0.99     -0.15     -0.075     0.15     -0.99      0.015    -0.077     0.0031    1       
  -0.99     -0.15     -0.075     0.15     -0.99      0.019    -0.077     0.0075    1       
  -0.99     -0.15     -0.075     0.15     -0.99      0.019    -0.077     0.0075    1       
  -0.071     0.22     -0.97      0.014     0.97      0.22      1         0.0021   -0.072   
  -0.071     0.22     -0.97      0.014     0.97      0.22      1         0.0021   -0.072   
  -0.98     -0.15     -0.11      0.15     -0.99      0.02     -0.11      0.0033    0.99    
  -0.98     -0.15     -0.11      0.15     -0.99      0.02     -0.11      0.0033    0.99    
  -0.066     0.99      0.16      0.014    -0.16      0.99      1         0.068    -0.0031  
  -0.066     0.99      0.16      0.014    -0.16      0.99      1         0.068    -0.0031  
  -0.022     0.94      0.35     -0.65     -0.28      0.71      0.76     -0.21      0.61    
  -0.3      -0.17     -0.94     -0.22     -0.95      0.24     -0.93      0.28      0.25    
  -0.22      0.94      0.26     -0.97     -0.24      0.036     0.096    -0.25      0.96    
  -0.94     -0.24      0.25      0.24     -0.97     -0.042     0.25      0.019     0.97    
  -0.17      0.88      0.45     -0.98     -0.087    -0.2      -0.14     -0.47      0.87    
  -0.17      0.88      0.45     -0.98     -0.087    -0.2      -0.14     -0.47      0.87    
  -0.54     -0.13     -0.83     -0.84      0.14      0.52      0.049     0.98     -0.19    
  -0.54     -0.13     -0.83     -0.84      0.14      0.52      0.049     0.98     -0.19    
   0.22      0.97      0.12      0.97     -0.23      0.058     0.085     0.11     -0.99    
   0.22      0.97      0.12      0.97     -0.23      0.058     0.085     0.11     -0.99    
   0.21     -0.1      -0.97      0.75     -0.62      0.23     -0.62     -0.78     -0.055   
   0.21     -0.1      -0.97      0.75     -0.62      0.23     -0.62     -0.78     -0.055   
  -0.048     0.96      0.28     -0.079    -0.28      0.96      1         0.024     0.089   
  -0.048     0.96      0.28     -0.079    -0.28      0.96      1         0.024     0.089   
  -0.38      0.23     -0.9       0.057     0.97      0.22      0.92      0.034    -0.38    
  -0.019     0.99     -0.11     -0.65     -0.099    -0.75     -0.76      0.059     0.65    
   0.059    -0.13     -0.99      0.27     -0.95      0.14     -0.96     -0.27     -0.022   
  -0.14      0.99     -0.039    -0.99     -0.14     -0.093    -0.097     0.025     0.99    
  -0.99     -0.14     -0.024     0.14     -0.99     -0.015    -0.022    -0.018     1       
  -0.25      0.94      0.24     -0.96     -0.27      0.051     0.11     -0.21      0.97    
  -0.25      0.94      0.24     -0.96     -0.27      0.051     0.11     -0.21      0.97    
   0.0007   -0.98     -0.2      -0.96      0.055    -0.28      0.28      0.19     -0.94    
   0.0007   -0.98     -0.2      -0.96      0.055    -0.28      0.28      0.19     -0.94    
  -0.95      0.28      0.15      0.15     -0.027     0.99      0.28      0.96     -0.015   
  -0.95      0.28      0.15      0.15     -0.027     0.99      0.28      0.96     -0.015   
  -0.79     -0.55     -0.27     -0.59      0.8       0.079     0.17      0.22     -0.96    
  -0.79     -0.55     -0.27     -0.59      0.8       0.079     0.17      0.22     -0.96    
  -0.18      0.31     -0.93     -0.98     -0.13      0.14     -0.074     0.94      0.33    
  -0.18      0.31     -0.93     -0.98     -0.13      0.14     -0.074     0.94      0.33    
  -0.026    -0.96     -0.29     -0.97      0.099    -0.24      0.26      0.27     -0.93    

SITE_XPOS
   0.005     0.00098   1.3     
   0.035    -0.00094   1.5     

SITE_XMAT
  -0.98     -0.16     -0.075     0.16     -0.99      0.015    -0.077     0.0025    1       
  -0.99     -0.15     -0.075     0.15     -0.99      0.015    -0.077     0.0031    1       

LIGHT_XPOS
   0         0         1.5     

LIGHT_XDIR
   0         0        -1       

SUBTREE_COM
  -0.0094    0.0041    1.2     
  -0.0094    0.0041    1.2     
  -0.0023   -0.11      0.89    
  -0.0015   -0.12      0.83    
   0.013    -0.12      0.74    
   0.019    -0.12      0.66    
   0.017    -0.12      0.51    
   0.014    -0.12      0.5     
   0.035     0.11      0.89    
   0.036     0.11      0.83    
   0.05      0.11      0.74    
   0.058     0.11      0.66    
   0.056     0.11      0.51    
   0.052     0.11      0.5     
  -0.036     0.0098    1.5     
  -0.036     0.0099    1.5     
  -0.036     0.0099    1.5     
  -0.13     -0.12      1.4     
  -0.16     -0.12      1.4     
  -0.19     -0.11      1.4     
  -0.23     -0.099     1.4     
  -0.28     -0.086     1.4     
  -0.29     -0.084     1.4     
  -0.35     -0.067     1.4     
  -0.0098    0.15      1.4     
  -0.014     0.16      1.3     
  -0.021     0.16      1.3     
  -0.031     0.16      1.2     
  -0.046     0.17      1.2     
  -0.048     0.17      1.2     
  -0.067     0.17      1.1     

CDOF
   0         0         0         1         0         0       
   0         0         0         0         1         0       
   0         0         0         0         0         1       
  -0.98      0.16     -0.077    -0.012    -0.074    -0.00076 
  -0.16     -0.99      0.0025    0.075    -0.012    -0.015   
  -0.075     0.015     1        -0.0042   -0.02     -2.2e-05 
  -0.16     -0.99      0.0025   -0.026     0.0041   -0.023   
  -0.98      0.16      0.1      -0.0032    0.055    -0.12    
   0.099    -0.017     0.99     -0.12      0.013     0.012   
  -0.16     -0.99     -9e-05    -0.36      0.06     -0.048   
  -0.16     -0.99     -9e-05    -0.65      0.11     -0.067   
  -0.98      0.16     -0.096     0.12      0.67     -0.12    
  -0.16     -0.99      0.0025   -0.026     0.0041   -0.023   
  -0.98      0.16      0.099     0.02      0.052     0.11    
   0.099    -0.012     1         0.11     -0.024    -0.011   
  -0.15     -0.99      0.0028   -0.36      0.055    -0.049   
  -0.15     -0.99      0.0028   -0.65      0.1      -0.068   
  -0.98      0.15     -0.098     0.093     0.68      0.12    
  -0.075     0.015     1        -0.0042   -0.02     -2.2e-05 
  -0.99      0.15     -0.077    -0.017    -0.11     -0.00074 
  -0.15     -0.99      0.0031    0.13     -0.02     -0.015   
  -0.17     -0.95      0.28      0.32     -0.056     0.0036  
  -0.94      0.24      0.25     -0.12     -0.33     -0.14    
   0.25     -0.042     0.97     -0.12      0.12      0.037   
  -0.23     -0.97      0.017     0.18     -0.043     0.06    
  -0.97      0.23     -0.076    -0.032    -0.18     -0.15    
  -0.093    -0.065     0.99     -0.09      0.21      0.0054  
   0.24      0.97      0.086    -0.17      0.064    -0.24    
  -0.13     -0.95     -0.27      0.32     -0.045     0.0036  
  -0.99      0.14     -0.022    -0.054    -0.36      0.14    
  -0.024    -0.015     1         0.15     -0.025     0.0033  
  -0.15     -0.99     -0.018     0.18     -0.027     0.018   
  -0.27      0.06     -0.96     -0.16     -0.034     0.042   
  -0.16     -0.99     -0.016     0.042    -0.0075    0.048   
  -0.94      0.15      0.29      0.048     0.0096    0.15    

CINERT
   0         0         0         0         0         0         0         0         0         0       
   0.011     0.011     0.0096    0.00013   0.00016  -2.8e-05   0.077    -0.016     0.0018    3.8     
   0.023     0.0051    0.019     0.00053   0.00029  -0.0083    0.0047   -0.16     -0.07      1.4     
   0.052     0.034     0.022    -0.0055   -0.0065   -0.024    -0.049    -0.17     -0.21      1.5     
   0.22      0.2       0.024     0.0021    0.0092   -0.062     0.021    -0.19     -0.57      1.7     
   0.49      0.46      0.036     0.0073    0.028    -0.12      0.056    -0.25     -0.93      1.9     
   0.032     0.031     0.0015    0.0005    0.0025   -0.0062    0.0038   -0.0096   -0.048     0.074   
   0.31      0.3       0.011     0.002     0.0096   -0.053     0.014    -0.076    -0.42      0.61    
   0.021     0.0073    0.019    -0.0057    0.0029    0.0077    0.053     0.14     -0.071     1.4     
   0.053     0.033     0.022    -0.00085   0.0014    0.025     0.0074    0.17     -0.21      1.5     
   0.21      0.2       0.023    -0.007     0.028     0.054     0.079     0.17     -0.57      1.7     
   0.49      0.47      0.035    -0.015     0.065     0.1       0.13      0.21     -0.93      1.9     
   0.032     0.032     0.0014   -0.00069   0.0044    0.005     0.0067    0.0076   -0.048     0.074   
   0.3       0.3       0.011    -0.0038    0.026     0.046     0.038     0.065    -0.42      0.61    
   0.0023    0.0023    0.00018   7.2e-06  -0.0002    5e-05     0.0022   -0.00054   0.023     0.24    
   0.0007    0.00071   1.5e-05   1.8e-06  -8.5e-05   1.6e-05   0.0007   -0.00013   0.0057    0.047   
   1         1         0.034    -0.0018    0.013    -0.0012   -0.011    -0.0019    3         9.6     
   0.11      0.098     0.014    -0.003     0.0081    0.035    -0.022    -0.097     0.26      0.72    
   0.073     0.062     0.015    -0.0044    0.0095    0.028    -0.031    -0.091     0.2       0.64    
   0.042     0.035     0.018    -0.0082    0.012     0.019    -0.063    -0.096     0.15      0.73    
   0.028     0.034     0.024    -0.011     0.017     0.013    -0.094    -0.073     0.11      0.6     
   0.0036    0.0063    0.0047   -0.0019    0.0031    0.0016   -0.018    -0.0091    0.015     0.085   
   0.018     0.044     0.035    -0.012     0.02      0.0079   -0.12     -0.047     0.081     0.48    
   0.0079    0.036     0.031    -0.0061    0.014     0.0029   -0.086    -0.018     0.04      0.25    
   0.11      0.097     0.014    -0.0015   -0.004    -0.036     0.011     0.099     0.26      0.72    
   0.073     0.059     0.015    -0.0017   -0.0036   -0.029     0.012     0.095     0.19      0.64    
   0.043     0.027     0.016    -0.001    -0.0015   -0.02      0.0071    0.11      0.14      0.73    
   0.023     0.0084    0.015     0.00019   0.00011  -0.011    -0.0013    0.095     0.069     0.6     
   0.0026    0.00042   0.0022    0.00023   9.2e-05  -0.00088  -0.0014    0.014     0.0056    0.085   
   0.013     0.0011    0.013     0.0022    0.00025  -0.0017   -0.014     0.077     0.011     0.48    
   0.0085    0.0026    0.0079    0.0024   -0.0011    0.0027   -0.015     0.042    -0.017     0.25    

ACTUATOR_LENGTH
  -0.0029  
  -0.0031  
  -0.0051  
  -0.013   
   0.034   
   7.5e-05 
  -0.0014  
   0.00088 
   0.0061  
  -0.012   
   0.034   
  -0.0001  
   0.0049  
   0.00022 
  -0.0082  
  -0.33    
   0.008   
   0.011   
   0.33    
   1.5     
  -0.018   
  -0.056   
  -0.048   
  -0.021   
  -0.012   
   1.3     
   0.0077  
  -0.016   
   0.041   

actuator_moment
-------------------------------------
       x                             |
        x                            |
         x                           |
          x                          |
           x                         |
            x                        |
             x                       |
              x                      |
               x                     |
                x                    |
                 x                   |
                  x                  |
                   x                 |
                    x                |
                     x               |
                      x              |
                       x             |
                        x            |
                         x           |
                          x          |
                           x         |
                            x        |
                             x       |
                              x      |
                               x     |
                                x    |
                                 x   |
                                  x  |
                                   x |
-------------------------------------

ACTUATOR_MOMENT
     6:  1       
     7:  1       
     8:  1       
     9:  1       
    10:  1       
    11:  1       
    12:  1       
    13:  1       
    14:  1       
    15:  1       
    16:  1       
    17:  1       
    18:  1       
    19:  1       
    20:  1       
    21:  1       
    22:  1       
    23:  1       
    24:  1       
    25:  1       
    26:  1       
    27:  1       
    28:  1       
    29:  1       
    30:  1       
    31:  1       
    32:  1       
    33:  1       
    34:  1       

CRB
   0         0         0         0         0         0         0         0         0         0       
   3.8       3.6       0.49     -0.073     0.26     -0.024     1.4e-17  -4.4e-16   4.9e-15   35      
   1.1       1         0.11      0.0069    0.043    -0.27      0.051    -0.85     -2.3       7.2     
   1.1       1         0.095     0.0064    0.043    -0.27      0.046    -0.7      -2.2       5.8     
   1         0.99      0.072     0.012     0.049    -0.24      0.095    -0.52     -2         4.3     
   0.83      0.79      0.049     0.0098    0.04     -0.18      0.074    -0.34     -1.4       2.6     
   0.34      0.33      0.013     0.0025    0.012    -0.059     0.018    -0.086    -0.47      0.68    
   0.31      0.3       0.011     0.002     0.0096   -0.053     0.014    -0.076    -0.42      0.61    
   1.1       1         0.11     -0.033     0.13      0.24      0.32      0.77     -2.3       7.2     
   1.1       1         0.091    -0.027     0.12      0.23      0.26      0.63     -2.2       5.8     
   1         1         0.069    -0.026     0.12      0.21      0.26      0.45     -2         4.3     
   0.82      0.8       0.047    -0.019     0.095     0.15      0.18      0.29     -1.4       2.6     
   0.34      0.33      0.012    -0.0045    0.03      0.051     0.044     0.073    -0.47      0.68    
   0.3       0.3       0.011    -0.0038    0.026     0.046     0.038     0.065    -0.42      0.61    
   1.6       1.5       0.26     -0.048     0.086     0.011    -0.44      0.096     4.5       17      
   1.6       1.5       0.26     -0.048     0.086     0.01     -0.45      0.097     4.5       17      
   1.6       1.5       0.26     -0.048     0.086     0.01     -0.45      0.097     4.5       17      
   0.28      0.32      0.14     -0.047     0.083     0.11     -0.44     -0.43      0.85      3.5     
   0.17      0.22      0.13     -0.044     0.075     0.072    -0.41     -0.33      0.58      2.8     
   0.1       0.16      0.11     -0.039     0.066     0.044    -0.38     -0.24      0.39      2.2     
   0.058     0.12      0.095    -0.031     0.054     0.025    -0.32     -0.15      0.24      1.4     
   0.03      0.087     0.071    -0.02      0.037     0.012    -0.22     -0.074     0.14      0.82    
   0.026     0.08      0.066    -0.018     0.034     0.011    -0.21     -0.065     0.12      0.74    
   0.0079    0.036     0.031    -0.0061    0.014     0.0029   -0.086    -0.018     0.04      0.25    
   0.27      0.2       0.084     0.00076  -0.0097   -0.096    -0.0012    0.53      0.66      3.5     
   0.16      0.099     0.07      0.0023   -0.0057   -0.06     -0.012     0.43      0.4       2.8     
   0.091     0.04      0.055     0.004    -0.0021   -0.031    -0.024     0.34      0.21      2.2     
   0.048     0.012     0.038     0.005    -0.00065  -0.011    -0.031     0.23      0.069     1.4     
   0.024     0.0041    0.023     0.0048   -0.00076   0.00014  -0.03      0.13     -0.00035   0.82    
   0.022     0.0037    0.021     0.0046   -0.00085   0.001    -0.028     0.12     -0.0059    0.74    
   0.0085    0.0026    0.0079    0.0024   -0.0011    0.0027   -0.015     0.042    -0.017     0.25    

QM
   35      
   0         35      
   0         0         35      
  -0.42     -2.6      -0.027     4.1     
   2.6      -0.43     -0.52     -0.034     3.8     
  -0.15     -0.71     -0.00076   0.058    -0.03      0.49    
   2        -0.33      0.024    -0.016     1.1       0.24      0.93    
  -0.3      -1.8      -0.0064    1        -0.00073   0.032    -0.00053   0.78    
   0.053     0.35      0.00058  -0.2      -0.00028   0.00052   7.5e-05  -0.15      0.047   
   0.45     -0.076     0.0027   -0.0021    0.32      0.054     0.27      0.0015    0.0012    0.13    
   0.021    -0.0035   -0.014    -0.0017    0.018     0.0024    0.016     5.3e-05   4.6e-05   0.0089    0.013   
  -0.0016   -0.0098   -1.5e-07   0.0079   -4.4e-05   0.00039  -3.8e-05   0.0066   -0.001     1.7e-07   1.7e-07   0.01    
   2        -0.33      0.027     0.015     1.1      -0.24                                                                  0.93    
  -0.29     -1.8       0.011     1         0.00035   0.031                                                                 0.00024   0.78    
   0.059     0.35     -0.0015   -0.2       0.00016   0.00079                                                              -0.00017  -0.15      0.047   
   0.45     -0.07      0.0036    0.0018    0.32     -0.055                                                                 0.27     -0.0017   -0.0012    0.13    
   0.021    -0.0033   -0.014     0.0017    0.018    -0.0024                                                                0.016    -6.8e-05  -4.6e-05   0.0089    0.013   
  -0.0015   -0.0099    2.7e-05   0.008     4.9e-05   0.00038                                                               4.3e-05   0.0066   -0.001    -1.5e-07  -1.6e-07   0.01    
  -0.1      -0.44     -0.0011   -0.038    -0.028     0.27                                                                                                                              0.28    
   0.42      2.6      -0.039     0.92     -0.029    -0.022                                                                                                                            -0.022     0.84    
  -2.3       0.36     -0.7      -0.038     0.79     -0.029                                                                                                                            -0.029    -0.034     0.67    
   0.45     -0.18     -0.33     -0.061     0.018     0.083                                                                                                                             0.083    -0.057     0.044     0.16    
  -0.12     -0.49      0.031    -0.056    -0.00086   0.08                                                                                                                              0.08     -0.039    -0.0027    0.012     0.12    
  -0.047    -0.2       0.0031   -0.023     0.00062   0.049                                                                                                                             0.049    -0.015    -6.7e-05   0.011     0.051     0.046   
   0.029    -0.01     -0.19     -0.026     0.047     0.0033                                                                                                                            0.0033   -0.026     0.049     0.051    -0.0018    8.2e-05   0.044   
  -0.00027  -0.0014   -0.00074   0.00013   0.00026   0.00045                                                                                                                           0.00045   0.00018   0.00026   0.00035   0.00073   0.00023   0.00023   0.01    
  -0.0097   -0.04     -0.0035   -0.0048    0.0015    0.013                                                                                                                             0.013    -0.0034    0.0013    0.0041    0.011     0.01      0.001     0.00018   0.015   
  -0.0026   -0.00094   0.018     0.002    -0.0064    0.00038                                                                                                                           0.00038   0.002    -0.0065   -0.0063    0.00065   0.00053  -0.0051   -8.1e-05   5.5e-06   0.012   
   0.65     -0.072    -0.057     0.016    -0.0025   -0.1                                                                                                                              -0.1       0.015     0.033                                                                           0.2     
  -0.087    -0.61     -0.031     0.00055   0.0015    0.033                                                                                                                             0.033     0.022     0.002                                                                          -0.0058    0.19    
  -0.012    -0.074    -0.0014    0.0032    0.00015   0.0065                                                                                                                            0.0065    0.0058    9.5e-05                                                                        -0.0019    0.025     0.015   
   0.19     -0.028    -0.04      0.0083    0.016    -0.029                                                                                                                            -0.029     0.0083    0.026                                                                           0.07      0.0011   -0.0001    0.044   
  -0.001     0.0007    0.00034  -4e-05    -0.0002   -0.00024                                                                                                                          -0.00024  -5.9e-05  -0.00026                                                                        -0.0004   -0.00016  -0.00041  -0.0003    0.01    
   0.039    -0.0061   -0.012     0.0023    0.0068   -0.0059                                                                                                                           -0.0059    0.0023    0.0089                                                                          0.018     0.0004    8.2e-05   0.01     -0.00014   0.015   
  -0.0027   -0.018     0.00037   0.0029   -5.3e-06   0.0021                                                                                                                            0.0021    0.0035   -1.3e-05                                                                        -0.00057   0.0082    0.0017   -3.6e-05  -7.5e-05  -5e-06     0.012   

M
     0:  35      
     0:  0          1:  35      
     0:  0          1:  0          2:  35      
     0: -0.42       1: -2.6        2: -0.027      3:  4.1     
     0:  2.6        1: -0.43       2: -0.52       3: -0.034      4:  3.8     
     0: -0.15       1: -0.71       2: -0.00076    3:  0.058      4: -0.03       5:  0.49    
     0:  2          1: -0.33       2:  0.024      3: -0.016      4:  1.1        5:  0.24       6:  0.93    
     0: -0.3        1: -1.8        2: -0.0064     3:  1          4: -0.00073    5:  0.032      6: -0.00053    7:  0.78    
     0:  0.053      1:  0.35       2:  0.00058    3: -0.2        4: -0.00028    5:  0.00052    6:  7.5e-05    7: -0.15       8:  0.047   
     0:  0.45       1: -0.076      2:  0.0027     3: -0.0021     4:  0.32       5:  0.054      6:  0.27       7:  0.0015     8:  0.0012     9:  0.13    
     0:  0.021      1: -0.0035     2: -0.014      3: -0.0017     4:  0.018      5:  0.0024     6:  0.016      7:  5.3e-05    8:  4.6e-05    9:  0.0089    10:  0.013   
     0: -0.0016     1: -0.0098     2: -1.5e-07    3:  0.0079     4: -4.4e-05    5:  0.00039    6: -3.8e-05    7:  0.0066     8: -0.001      9:  1.7e-07   10:  1.7e-07   11:  0.01    
     0:  2          1: -0.33       2:  0.027      3:  0.015      4:  1.1        5: -0.24      12:  0.93    
     0: -0.29       1: -1.8        2:  0.011      3:  1          4:  0.00035    5:  0.031     12:  0.00024   13:  0.78    
     0:  0.059      1:  0.35       2: -0.0015     3: -0.2        4:  0.00016    5:  0.00079   12: -0.00017   13: -0.15      14:  0.047   
     0:  0.45       1: -0.07       2:  0.0036     3:  0.0018     4:  0.32       5: -0.055     12:  0.27      13: -0.0017    14: -0.0012    15:  0.13    
     0:  0.021      1: -0.0033     2: -0.014      3:  0.0017     4:  0.018      5: -0.0024    12:  0.016     13: -6.8e-05   14: -4.6e-05   15:  0.0089    16:  0.013   
     0: -0.0015     1: -0.0099     2:  2.7e-05    3:  0.008      4:  4.9e-05    5:  0.00038   12:  4.3e-05   13:  0.0066    14: -0.001     15: -1.5e-07   16: -1.6e-07   17:  0.01    
     0: -0.1        1: -0.44       2: -0.0011     3: -0.038      4: -0.028      5:  0.27      18:  0.28    
     0:  0.42       1:  2.6        2: -0.039      3:  0.92       4: -0.029      5: -0.022     18: -0.022     19:  0.84    
     0: -2.3        1:  0.36       2: -0.7        3: -0.038      4:  0.79       5: -0.029     18: -0.029     19: -0.034     20:  0.67    
     0:  0.45       1: -0.18       2: -0.33       3: -0.061      4:  0.018      5:  0.083     18:  0.083     19: -0.057     20:  0.044     21:  0.16    
     0: -0.12       1: -0.49       2:  0.031      3: -0.056      4: -0.00086    5:  0.08      18:  0.08      19: -0.039     20: -0.0027    21:  0.012     22:  0.12    
     0: -0.047      1: -0.2        2:  0.0031     3: -0.023      4:  0.00062    5:  0.049     18:  0.049     19: -0.015     20: -6.7e-05   21:  0.011     22:  0.051     23:  0.046   
     0:  0.029      1: -0.01       2: -0.19       3: -0.026      4:  0.047      5:  0.0033    18:  0.0033    19: -0.026     20:  0.049     21:  0.051     22: -0.0018    23:  8.2e-05   24:  0.044   
     0: -0.00027    1: -0.0014     2: -0.00074    3:  0.00013    4:  0.00026    5:  0.00045   18:  0.00045   19:  0.00018   20:  0.00026   21:  0.00035   22:  0.00073   23:  0.00023   24:  0.00023   25:  0.01    
     0: -0.0097     1: -0.04       2: -0.0035     3: -0.0048     4:  0.0015     5:  0.013     18:  0.013     19: -0.0034    20:  0.0013    21:  0.0041    22:  0.011     23:  0.01      24:  0.001     25:  0.00018   26:  0.015   
     0: -0.0026     1: -0.00094    2:  0.018      3:  0.002      4: -0.0064     5:  0.00038   18:  0.00038   19:  0.002     20: -0.0065    21: -0.0063    22:  0.00065   23:  0.00053   24: -0.0051    25: -8.1e-05   26:  5.5e-06   27:  0.012   
     0:  0.65       1: -0.072      2: -0.057      3:  0.016      4: -0.0025     5: -0.1       18: -0.1       19:  0.015     20:  0.033     28:  0.2     
     0: -0.087      1: -0.61       2: -0.031      3:  0.00055    4:  0.0015     5:  0.033     18:  0.033     19:  0.022     20:  0.002     28: -0.0058    29:  0.19    
     0: -0.012      1: -0.074      2: -0.0014     3:  0.0032     4:  0.00015    5:  0.0065    18:  0.0065    19:  0.0058    20:  9.5e-05   28: -0.0019    29:  0.025     30:  0.015   
     0:  0.19       1: -0.028      2: -0.04       3:  0.0083     4:  0.016      5: -0.029     18: -0.029     19:  0.0083    20:  0.026     28:  0.07      29:  0.0011    30: -0.0001    31:  0.044   
     0: -0.001      1:  0.0007     2:  0.00034    3: -4e-05      4: -0.0002     5: -0.00024   18: -0.00024   19: -5.9e-05   20: -0.00026   28: -0.0004    29: -0.00016   30: -0.00041   31: -0.0003    32:  0.01    
     0:  0.039      1: -0.0061     2: -0.012      3:  0.0023     4:  0.0068     5: -0.0059    18: -0.0059    19:  0.0023    20:  0.0089    28:  0.018     29:  0.0004    30:  8.2e-05   31:  0.01      32: -0.00014   33:  0.015   
     0: -0.0027     1: -0.018      2:  0.00037    3:  0.0029     4: -5.3e-06    5:  0.0021    18:  0.0021    19:  0.0035    20: -1.3e-05   28: -0.00057   29:  0.0082    30:  0.0017    31: -3.6e-05   32: -7.5e-05   33: -5e-06     34:  0.012   

QLD
     0:  8.9     
     0:  0.038      1:  12      
     0: -0.056      1:  0.026      2:  33      
     0: -0.37       1: -2.3        2:  0.043      3:  0.37    
     0:  4.2        1: -0.67       2:  1.3        3:  0.00084    4:  0.13    
     0: -0.22       1: -1.3        2:  0.064      3:  0.26       4:  1.1e-05    5:  0.089   
     0:  3.1        1: -0.51       2:  0.04       3: -0.021      4:  1.3        5:  0.36       6:  0.34    
     0: -0.5        1: -2.4        2: -0.017      3:  1.3        4: -0.052      5:  0.11       6: -0.04       7:  0.29    
     0:  1          1:  7.4        2:  0.011      3: -4.3        4: -0.069      5:  0.0011     6: -0.052      7: -3.2        8:  0.047   
     0:  3.7        1: -0.61       2:  0.1        3: -0.0075     4:  2.5        5:  0.44       6:  2.2        7:  0.012      8:  0.0095     9:  0.12    
     0:  1.6        1: -0.27       2: -1.1        3: -0.13       4:  1.4        5:  0.18       6:  1.2        7:  0.0041     8:  0.0036     9:  0.7       10:  0.013   
     0: -0.16       1: -0.95       2: -1.4e-05    3:  0.77       4: -0.0042     5:  0.038      6: -0.0036     7:  0.63       8: -0.099      9:  1.6e-05   10:  1.7e-05   11:  0.01    
     0:  3.1        1: -0.49       2:  0.044      3:  0.021      4:  1.3        5: -0.36      12:  0.34    
     0: -0.28       1: -2.4        2:  0.023      3:  1.3        4:  0.051      5:  0.11      12:  0.04      13:  0.29    
     0:  1.3        1:  7.3        2: -0.031      3: -4.3        4:  0.066      5:  0.0068    12:  0.05      13: -3.2       14:  0.047   
     0:  3.7        1: -0.57       2:  0.11       3:  0.0051     4:  2.5        5: -0.44      12:  2.2       13: -0.014     14: -0.0095    15:  0.12    
     0:  1.6        1: -0.26       2: -1.1        3:  0.13       4:  1.4        5: -0.19      12:  1.2       13: -0.0053    14: -0.0036    15:  0.7       16:  0.013   
     0: -0.15       1: -0.95       2:  0.0026     3:  0.77       4:  0.0047     5:  0.037     12:  0.0041    13:  0.63      14: -0.099     15: -1.5e-05   16: -1.6e-05   17:  0.01    
     0: -0.14       1: -0.52       2:  0.46       3: -0.016      4:  0.001      5:  0.91      18:  0.11    
     0:  0.51       1:  3.2        2: -0.21       3:  1.1        4:  0.0045     5:  0.029     18:  0.029     19:  0.8     
     0: -3.9        1:  0.61       2: -0.8        3: -0.029      4:  1.2        5: -0.023     18: -0.023     19: -0.023     20:  0.6     
     0:  4.2        1: -1.1        2: -1.1        3: -0.25       4: -0.35       5:  0.65      18:  0.65      19: -0.24      20: -0.12      21:  0.1     
     0: -1          1: -4.4        2:  0.31       3: -0.52       4:  0.0077     5:  0.41      18:  0.41      19: -0.37      20: -0.0089    21:  0.039     22:  0.061   
     0: -1          1: -4.5        2:  0.076      3: -0.5        4:  0.0081     5:  1         18:  1         19: -0.34      20: -0.0063    21:  0.22      22:  1.1       23:  0.039   
     0:  0.67       1: -0.18       2: -4.3        3: -0.59       4:  1.1        5:  0.059     18:  0.059     19: -0.58      20:  1.1       21:  1.1       22: -0.056     23: -0.0099    24:  0.042   
     0: -0.016      1: -0.087      2: -0.055      3:  0.019      4:  0.019      5:  0.029     18:  0.029     19:  0.023     20:  0.019     21:  0.025     22:  0.058     23:  0.011     24:  0.017     25:  0.01    
     0: -0.66       1: -2.7        2: -0.24       3: -0.32       4:  0.1        5:  0.88      18:  0.88      19: -0.23      20:  0.09      21:  0.28      22:  0.76      23:  0.69      24:  0.071     25:  0.012     26:  0.015   
     0: -0.22       1: -0.079      2:  1.5        3:  0.17       4: -0.54       5:  0.032     18:  0.032     19:  0.17      20: -0.55      21: -0.54      22:  0.055     23:  0.045     24: -0.43      25: -0.0068    26:  0.00046   27:  0.012   
     0:  4          1: -0.6        2:  0.061      3:  0.034      4: -0.32       5: -0.62      18: -0.62      19:  0.031     20: -0.1       28:  0.087   
     0: -0.5        1: -3.4        2: -0.19       3: -0.043      4:  0.0057     5:  0.16      18:  0.16      19:  0.078     20:  0.0077    28: -0.033     29:  0.14    
     0: -0.77       1: -4.8        2: -0.1        3:  0.19       4:  0.011      5:  0.41      18:  0.41      19:  0.36      20:  0.0088    28: -0.11      29:  1.6       30:  0.015   
     0:  4.3        1: -0.64       2: -0.86       3:  0.18       4:  0.31       5: -0.66      18: -0.66      19:  0.18      20:  0.54      28:  1.6       29:  0.023     30: -0.0045    31:  0.037   
     0: -0.067      1:  0.051      2:  0.022      3: -2.8e-05    4: -0.013      5: -0.028     18: -0.028     19: -0.0015    20: -0.017     28: -0.023     29: -0.01      30: -0.038     31: -0.019     32:  0.01    
     0:  2.6        1: -0.41       2: -0.8        3:  0.15       4:  0.46       5: -0.4       18: -0.4       19:  0.15      20:  0.6       28:  1.2       29:  0.027     30:  0.0056    31:  0.7       32: -0.0093    33:  0.015   
     0: -0.23       1: -1.5        2:  0.031      3:  0.24       4: -0.00045    5:  0.18      18:  0.18      19:  0.3       20: -0.0011    28: -0.048     29:  0.7       30:  0.15      31: -0.003     32: -0.0064    33: -0.00042   34:  0.012   

QLDIAGINV
   0.11    
   0.086   
   0.03    
   2.7     
   7.6     
   11      
   2.9     
   3.5     
   21      
   8.4     
   78      
   96      
   2.9     
   3.5     
   21      
   8.4     
   78      
   96      
   9.1     
   1.3     
   1.7     
   9.8     
   16      
   26      
   24      
   96      
   68      
   84      
   11      
   7       
   68      
   27      
   96      
   68      
   84      

M: inertia structure
-------------------------------------
 x                                   |
 xx                                  |
 xxx                                 |
 xxxx                                |
 xxxxx                               |
 xxxxxx                              |
 xxxxxxx                             |
 xxxxxxxx                            |
 xxxxxxxxx                           |
 xxxxxxxxxx                          |
 xxxxxxxxxxx                         |
 xxxxxxxxxxxx                        |
 xxxxxx      x                       |
 xxxxxx      xx                      |
 xxxxxx      xxx                     |
 xxxxxx      xxxx                    |
 xxxxxx      xxxxx                   |
 xxxxxx      xxxxxx                  |
 xxxxxx            x                 |
 xxxxxx            xx                |
 xxxxxx            xxx               |
 xxxxxx            xxxx              |
 xxxxxx            xxxxx             |
 xxxxxx            xxxxxx            |
 xxxxxx            xxxxxxx           |
 xxxxxx            xxxxxxxx          |
 xxxxxx            xxxxxxxxx         |
 xxxxxx            xxxxxxxxxx        |
 xxxxxx            xxx       x       |
 xxxxxx            xxx       xx      |
 xxxxxx            xxx       xxx     |
 xxxxxx            xxx       xxxx    |
 xxxxxx            xxx       xxxxx   |
 xxxxxx            xxx       xxxxxx  |
 xxxxxx            xxx       xxxxxxx |
-------------------------------------

iM: block-diagonal inertia (nnzs are island ids)
-------------------------------------
 0                                   |
 00                                  |
 000                                 |
 0000                                |
 00000                               |
 000000                              |
 0000000                             |
 00000000                            |
 000000000                           |
 0000000000                          |
 00000000000                         |
 000000000000                        |
 000000      0                       |
 000000      00                      |
 000000      000                     |
 000000      0000                    |
 000000      00000                   |
 000000      000000                  |
 000000            0                 |
 000000            00                |
 000000            000               |
 000000            0000              |
 000000            00000             |
 000000            000000            |
 000000            0000000           |
 000000            00000000          |
 000000            000000000         |
 000000            0000000000        |
 000000            000       0       |
 000000            000       00      |
 000000            000       000     |
 000000            000       0000    |
 000000            000       00000   |
 000000            000       000000  |
 000000            000       0000000 |
-------------------------------------

QH
     0:  9       
     0:  0.038      1:  12      
     0: -0.056      1:  0.026      2:  33      
     0: -0.37       1: -2.3        2:  0.043      3:  0.37    
     0:  4.2        1: -0.67       2:  1.3        3:  0.00083    4:  0.13    
     0: -0.22       1: -1.3        2:  0.064      3:  0.26       4:  7e-06      5:  0.089   
     0:  3.1        1: -0.51       2:  0.04       3: -0.021      4:  1.3        5:  0.36       6:  0.35    
     0: -0.5        1: -2.4        2: -0.017      3:  1.3        4: -0.051      5:  0.11       6: -0.04       7:  0.29    
     0:  1          1:  7.4        2:  0.011      3: -4.3        4: -0.068      5:  0.0011     6: -0.052      7: -3.2        8:  0.047   
     0:  3.7        1: -0.61       2:  0.1        3: -0.0076     4:  2.5        5:  0.44       6:  2.2        7:  0.012      8:  0.0095     9:  0.12    
     0:  1.6        1: -0.27       2: -1.1        3: -0.13       4:  1.4        5:  0.18       6:  1.2        7:  0.0041     8:  0.0036     9:  0.69      10:  0.013   
     0: -0.16       1: -0.94       2: -1.4e-05    3:  0.76       4: -0.0042     5:  0.037      6: -0.0036     7:  0.63       8: -0.098      9:  1.6e-05   10:  1.7e-05   11:  0.01    
     0:  3.1        1: -0.49       2:  0.044      3:  0.021      4:  1.3        5: -0.36      12:  0.35    
     0: -0.28       1: -2.4        2:  0.023      3:  1.3        4:  0.051      5:  0.11      12:  0.04      13:  0.29    
     0:  1.3        1:  7.3        2: -0.031      3: -4.3        4:  0.066      5:  0.0068    12:  0.05      13: -3.2       14:  0.047   
     0:  3.7        1: -0.57       2:  0.11       3:  0.0052     4:  2.5        5: -0.44      12:  2.2       13: -0.014     14: -0.0095    15:  0.12    
     0:  1.6        1: -0.26       2: -1.1        3:  0.13       4:  1.4        5: -0.19      12:  1.2       13: -0.0052    14: -0.0036    15:  0.69      16:  0.013   
     0: -0.15       1: -0.94       2:  0.0026     3:  0.76       4:  0.0047     5:  0.036     12:  0.0041    13:  0.63      14: -0.098     15: -1.5e-05   16: -1.6e-05   17:  0.01    
     0: -0.14       1: -0.52       2:  0.46       3: -0.016      4:  0.00099    5:  0.91      18:  0.11    
     0:  0.51       1:  3.2        2: -0.21       3:  1.1        4:  0.0045     5:  0.029     18:  0.029     19:  0.8     
     0: -3.9        1:  0.61       2: -0.8        3: -0.029      4:  1.2        5: -0.023     18: -0.023     19: -0.023     20:  0.6     
     0:  4.2        1: -1          2: -1.1        3: -0.25       4: -0.35       5:  0.65      18:  0.65      19: -0.24      20: -0.12      21:  0.1     
     0: -1          1: -4.4        2:  0.31       3: -0.52       4:  0.0077     5:  0.41      18:  0.41      19: -0.37      20: -0.0089    21:  0.039     22:  0.062   
     0: -1          1: -4.5        2:  0.076      3: -0.5        4:  0.008      5:  1         18:  1         19: -0.34      20: -0.0062    21:  0.22      22:  1.1       23:  0.039   
     0:  0.67       1: -0.18       2: -4.3        3: -0.59       4:  1.1        5:  0.059     18:  0.059     19: -0.58      20:  1.1       21:  1.1       22: -0.056     23: -0.0098    24:  0.042   
     0: -0.016      1: -0.087      2: -0.055      3:  0.019      4:  0.019      5:  0.028     18:  0.028     19:  0.022     20:  0.019     21:  0.025     22:  0.057     23:  0.011     24:  0.017     25:  0.01    
     0: -0.65       1: -2.7        2: -0.24       3: -0.32       4:  0.1        5:  0.87      18:  0.87      19: -0.23      20:  0.089     21:  0.28      22:  0.76      23:  0.69      24:  0.07      25:  0.012     26:  0.015   
     0: -0.22       1: -0.079      2:  1.5        3:  0.17       4: -0.53       5:  0.032     18:  0.032     19:  0.17      20: -0.55      21: -0.53      22:  0.055     23:  0.045     24: -0.43      25: -0.0068    26:  0.00046   27:  0.012   
     0:  4          1: -0.59       2:  0.059      3:  0.034      4: -0.32       5: -0.62      18: -0.62      19:  0.031     20: -0.1       28:  0.088   
     0: -0.5        1: -3.4        2: -0.19       3: -0.042      4:  0.0057     5:  0.16      18:  0.16      19:  0.078     20:  0.0077    28: -0.033     29:  0.14    
     0: -0.77       1: -4.8        2: -0.1        3:  0.19       4:  0.011      5:  0.41      18:  0.41      19:  0.36      20:  0.0087    28: -0.11      29:  1.6       30:  0.015   
     0:  4.3        1: -0.64       2: -0.86       3:  0.18       4:  0.31       5: -0.66      18: -0.66      19:  0.18      20:  0.54      28:  1.5       29:  0.023     30: -0.0044    31:  0.037   
     0: -0.066      1:  0.051      2:  0.022      3: -5.6e-05    4: -0.013      5: -0.027     18: -0.027     19: -0.0015    20: -0.017     28: -0.023     29: -0.01      30: -0.038     31: -0.019     32:  0.01    
     0:  2.6        1: -0.41       2: -0.8        3:  0.15       4:  0.45       5: -0.39      18: -0.39      19:  0.15      20:  0.59      28:  1.2       29:  0.027     30:  0.0056    31:  0.7       32: -0.0093    33:  0.015   
     0: -0.22       1: -1.5        2:  0.031      3:  0.24       4: -0.00044    5:  0.18      18:  0.18      19:  0.29      20: -0.0011    28: -0.048     29:  0.69      30:  0.14      31: -0.003     32: -0.0063    33: -0.00042   34:  0.012   

QHDIAGINV
   0.11    
   0.086   
   0.03    
   2.7     
   7.5     
   11      
   2.9     
   3.5     
   21      
   8.3     
   78      
   95      
   2.9     
   3.5     
   21      
   8.3     
   78      
   95      
   9.1     
   1.3     
   1.7     
   9.7     
   16      
   26      
   24      
   95      
   67      
   84      
   11      
   7       
   67      
   27      
   95      
   67      
   84      

TREE_AWAKE
  1

BODY_AWAKE
  -1 1 1 1 1 1 1 1 1 1 1 1 1 1 1 1 1 1 1 1 1 1 1 1 1 1 1 1 1 1 1

BODY_AWAKE_IND
  0 1 2 3 4 5 6 7 8 9 10 11 12 13 14 15 16 17 18 19 20 21 22 23 24 25 26 27 28 29 30

PARENT_AWAKE_IND
  1 2 3 4 5 6 7 8 9 10 11 12 13 14 15 16 17 18 19 20 21 22 23 24 25 26 27 28 29 30

DOF_AWAKE_IND
  0 1 2 3 4 5 6 7 8 9 10 11 12 13 14 15 16 17 18 19 20 21 22 23 24 25 26 27 28 29 30 31 32 33 34

CONTACT
  0:
     dim           3
     geoms         22 : 72
     exclude       0
     efc_address   29
     solref         0.02      1       
     solimp         0.9       0.95      0.001     0.5       2       
     dist          -0.00015 
     includemargin  0       
     pos           -0.03      0.15      1.2     
     frame         -0.84      0.46      0.28      0.44      0.89     -0.15     -0.32      0        -0.95    
     friction       1         1         0.005     0.0001    0.0001  
     mu             1       
     force          2.5       0.0049    0.0033    0         0         0       

EFC_TYPE
  1
  1
  1
  1
  1
  1
  1
  1
  1
  1
  1
  1
  1
  1
  1
  1
  1
  1
  1
  1
  1
  1
  1
  1
  1
  1
  1
  1
  1
  6
  6
  6
  6

EFC_ID
  6
  7
  8
  9
  10
  11
  12
  13
  14
  15
  16
  17
  18
  19
  20
  21
  22
  23
  24
  25
  26
  27
  28
  29
  30
  31
  32
  33
  34
  0
  0
  0
  0

EFC_J
   0         0         0         0         0         0         1         0         0         0         0         0         0         0         0         0         0         0         0         0         0         0         0         0         0         0         0         0         0         0         0         0         0         0         0       
   0         0         0         0         0         0         0         1         0         0         0         0         0         0         0         0         0         0         0         0         0         0         0         0         0         0         0         0         0         0         0         0         0         0         0       
   0         0         0         0         0         0         0         0         1         0         0         0         0         0         0         0         0         0         0         0         0         0         0         0         0         0         0         0         0         0         0         0         0         0         0       
   0         0         0         0         0         0         0         0         0         1         0         0         0         0         0         0         0         0         0         0         0         0         0         0         0         0         0         0         0         0         0         0         0         0         0       
   0         0         0         0         0         0         0         0         0         0         1         0         0         0         0         0         0         0         0         0         0         0         0         0         0         0         0         0         0         0         0         0         0         0         0       
   0         0         0         0         0         0         0         0         0         0         0         1         0         0         0         0         0         0         0         0         0         0         0         0         0         0         0         0         0         0         0         0         0         0         0       
   0         0         0         0         0         0         0         0         0         0         0         0         1         0         0         0         0         0         0         0         0         0         0         0         0         0         0         0         0         0         0         0         0         0         0       
   0         0         0         0         0         0         0         0         0         0         0         0         0         1         0         0         0         0         0         0         0         0         0         0         0         0         0         0         0         0         0         0         0         0         0       
   0         0         0         0         0         0         0         0         0         0         0         0         0         0         1         0         0         0         0         0         0         0         0         0         0         0         0         0         0         0         0         0         0         0         0       
   0         0         0         0         0         0         0         0         0         0         0         0         0         0         0         1         0         0         0         0         0         0         0         0         0         0         0         0         0         0         0         0         0         0         0       
   0         0         0         0         0         0         0         0         0         0         0         0         0         0         0         0         1         0         0         0         0         0         0         0         0         0         0         0         0         0         0         0         0         0         0       
   0         0         0         0         0         0         0         0         0         0         0         0         0         0         0         0         0         1         0         0         0         0         0         0         0         0         0         0         0         0         0         0         0         0         0       
   0         0         0         0         0         0         0         0         0         0         0         0         0         0         0         0         0         0         1         0         0         0         0         0         0         0         0         0         0         0         0         0         0         0         0       
   0         0         0         0         0         0         0         0         0         0         0         0         0         0         0         0         0         0         0         1         0         0         0         0         0         0         0         0         0         0         0         0         0         0         0       
   0         0         0         0         0         0         0         0         0         0         0         0         0         0         0         0         0         0         0         0         1         0         0         0         0         0         0         0         0         0         0         0         0         0         0       
   0         0         0         0         0         0         0         0         0         0         0         0         0         0         0         0         0         0         0         0         0         1         0         0         0         0         0         0         0         0         0         0         0         0         0       
   0         0         0         0         0         0         0         0         0         0         0         0         0         0         0         0         0         0         0         0         0         0         1         0         0         0         0         0         0         0         0         0         0         0         0       
   0         0         0         0         0         0         0         0         0         0         0         0         0         0         0         0         0         0         0         0         0         0         0         1         0         0         0         0         0         0         0         0         0         0         0       
   0         0         0         0         0         0         0         0         0         0         0         0         0         0         0         0         0         0         0         0         0         0         0         0         1         0         0         0         0         0         0         0         0         0         0       
   0         0         0         0         0         0         0         0         0         0         0         0         0         0         0         0         0         0         0         0         0         0         0         0         0         1         0         0         0         0         0         0         0         0         0       
   0         0         0         0         0         0         0         0         0         0         0         0         0         0         0         0         0         0         0         0         0         0         0         0         0         0         1         0         0         0         0         0         0         0         0       
   0         0         0         0         0         0         0         0         0         0         0         0         0         0         0         0         0         0         0         0         0         0         0         0         0         0         0         1         0         0         0         0         0         0         0       
   0         0         0         0         0         0         0         0         0         0         0         0         0         0         0         0         0         0         0         0         0         0         0         0         0         0         0         0         1         0         0         0         0         0         0       
   0         0         0         0         0         0         0         0         0         0         0         0         0         0         0         0         0         0         0         0         0         0         0         0         0         0         0         0         0         1         0         0         0         0         0       
   0         0         0         0         0         0         0         0         0         0         0         0         0         0         0         0         0         0         0         0         0         0         0         0         0         0         0         0         0         0         1         0         0         0         0       
   0         0         0         0         0         0         0         0         0         0         0         0         0         0         0         0         0         0         0         0         0         0         0         0         0         0         0         0         0         0         0         1         0         0         0       
   0         0         0         0         0         0         0         0         0         0         0         0         0         0         0         0         0         0         0         0         0         0         0         0         0         0         0         0         0         0         0         0         1         0         0       
   0         0         0         0         0         0         0         0         0         0         0         0         0         0         0         0         0         0         0         0         0         0         0         0         0         0         0         0         0         0         0         0         0         1         0       
   0         0         0         0         0         0         0         0         0         0         0         0         0         0         0         0         0         0         0         0         0         0         0         0         0         0         0         0         0         0         0         0         0         0         1       
   0         0         0         0         0         0         0         0         0         0         0         0         0.018    -0.0088    0         0         0         0         0.002    -0.21     -0.11      0         0         0         0         0         0         0        -0.23     -0.52     -0.064    -0.14     -0.028    -0.052    -0.045   
   0         0         0         0         0         0         0         0         0         0         0         0         0.046     0.014     0         0         0         0         0.21      0.015    -0.23      0         0         0         0         0         0         0        -0.51      0.24      0.017    -0.28      0.031    -0.1       0.023   
   0         0         0         0         0         0         0         0         0         0         0         0        -0.026    -0.025     0         0         0         0         0.17      0.042    -0.17      0         0         0         0         0         0         0        -0.47     -0.12     -0.024    -0.25      0.0039   -0.11     -0.02    
   0         0         0         0         0         0         0         0         0         0         0         0         0.091     0.031     0         0         0         0         0.046    -0.24     -0.17      0         0         0         0         0         0         0        -0.27     -0.16     -0.024    -0.16     -0.00062  -0.046    -0.0025  

IEFC_J
   0         0         0         0         0         0         1         0         0         0         0         0         0         0         0         0         0         0         0         0         0         0         0         0         0         0         0         0         0         0         0         0         0         0         0       
   0         0         0         0         0         0         0         1         0         0         0         0         0         0         0         0         0         0         0         0         0         0         0         0         0         0         0         0         0         0         0         0         0         0         0       
   0         0         0         0         0         0         0         0         1         0         0         0         0         0         0         0         0         0         0         0         0         0         0         0         0         0         0         0         0         0         0         0         0         0         0       
   0         0         0         0         0         0         0         0         0         1         0         0         0         0         0         0         0         0         0         0         0         0         0         0         0         0         0         0         0         0         0         0         0         0         0       
   0         0         0         0         0         0         0         0         0         0         1         0         0         0         0         0         0         0         0         0         0         0         0         0         0         0         0         0         0         0         0         0         0         0         0       
   0         0         0         0         0         0         0         0         0         0         0         1         0         0         0         0         0         0         0         0         0         0         0         0         0         0         0         0         0         0         0         0         0         0         0       
   0         0         0         0         0         0         0         0         0         0         0         0         1         0         0         0         0         0         0         0         0         0         0         0         0         0         0         0         0         0         0         0         0         0         0       
   0         0         0         0         0         0         0         0         0         0         0         0         0         1         0         0         0         0         0         0         0         0         0         0         0         0         0         0         0         0         0         0         0         0         0       
   0         0         0         0         0         0         0         0         0         0         0         0         0         0         1         0         0         0         0         0         0         0         0         0         0         0         0         0         0         0         0         0         0         0         0       
   0         0         0         0         0         0         0         0         0         0         0         0         0         0         0         1         0         0         0         0         0         0         0         0         0         0         0         0         0         0         0         0         0         0         0       
   0         0         0         0         0         0         0         0         0         0         0         0         0         0         0         0         1         0         0         0         0         0         0         0         0         0         0         0         0         0         0         0         0         0         0       
   0         0         0         0         0         0         0         0         0         0         0         0         0         0         0         0         0         1         0         0         0         0         0         0         0         0         0         0         0         0         0         0         0         0         0       
   0         0         0         0         0         0         0         0         0         0         0         0         0         0         0         0         0         0         1         0         0         0         0         0         0         0         0         0         0         0         0         0         0         0         0       
   0         0         0         0         0         0         0         0         0         0         0         0         0         0         0         0         0         0         0         1         0         0         0         0         0         0         0         0         0         0         0         0         0         0         0       
   0         0         0         0         0         0         0         0         0         0         0         0         0         0         0         0         0         0         0         0         1         0         0         0         0         0         0         0         0         0         0         0         0         0         0       
   0         0         0         0         0         0         0         0         0         0         0         0         0         0         0         0         0         0         0         0         0         1         0         0         0         0         0         0         0         0         0         0         0         0         0       
   0         0         0         0         0         0         0         0         0         0         0         0         0         0         0         0         0         0         0         0         0         0         1         0         0         0         0         0         0         0         0         0         0         0         0       
   0         0         0         0         0         0         0         0         0         0         0         0         0         0         0         0         0         0         0         0         0         0         0         1         0         0         0         0         0         0         0         0         0         0         0       
   0         0         0         0         0         0         0         0         0         0         0         0         0         0         0         0         0         0         0         0         0         0         0         0         1         0         0         0         0         0         0         0         0         0         0       
   0         0         0         0         0         0         0         0         0         0         0         0         0         0         0         0         0         0         0         0         0         0         0         0         0         1         0         0         0         0         0         0         0         0         0       
   0         0         0         0         0         0         0         0         0         0         0         0         0         0         0         0         0         0         0         0         0         0         0         0         0         0         1         0         0         0         0         0         0         0         0       
   0         0         0         0         0         0         0         0         0         0         0         0         0         0         0         0         0         0         0         0         0         0         0         0         0         0         0         1         0         0         0         0         0         0         0       
   0         0         0         0         0         0         0         0         0         0         0         0         0         0         0         0         0         0         0         0         0         0         0         0         0         0         0         0         1         0         0         0         0         0         0       
   0         0         0         0         0         0         0         0         0         0         0         0         0         0         0         0         0         0         0         0         0         0         0         0         0         0         0         0         0         1         0         0         0         0         0       
   0         0         0         0         0         0         0         0         0         0         0         0         0         0         0         0         0         0         0         0         0         0         0         0         0         0         0         0         0         0         1         0         0         0         0       
   0         0         0         0         0         0         0         0         0         0         0         0         0         0         0         0         0         0         0         0         0         0         0         0         0         0         0         0         0         0         0         1         0         0         0       
   0         0         0         0         0         0         0         0         0         0         0         0         0         0         0         0         0         0         0         0         0         0         0         0         0         0         0         0         0         0         0         0         1         0         0       
   0         0         0         0         0         0         0         0         0         0         0         0         0         0         0         0         0         0         0         0         0         0         0         0         0         0         0         0         0         0         0         0         0         1         0       
   0         0         0         0         0         0         0         0         0         0         0         0         0         0         0         0         0         0         0         0         0         0         0         0         0         0         0         0         0         0         0         0         0         0         1       
   0         0         0         0         0         0         0         0         0         0         0         0         0.018    -0.0088    0         0         0         0         0.002    -0.21     -0.11      0         0         0         0         0         0         0        -0.23     -0.52     -0.064    -0.14     -0.028    -0.052    -0.045   
   0         0         0         0         0         0         0         0         0         0         0         0         0.046     0.014     0         0         0         0         0.21      0.015    -0.23      0         0         0         0         0         0         0        -0.51      0.24      0.017    -0.28      0.031    -0.1       0.023   
   0         0         0         0         0         0         0         0         0         0         0         0        -0.026    -0.025     0         0         0         0         0.17      0.042    -0.17      0         0         0         0         0         0         0        -0.47     -0.12     -0.024    -0.25      0.0039   -0.11     -0.02    
   0         0         0         0         0         0         0         0         0         0         0         0         0.091     0.031     0         0         0         0         0.046    -0.24     -0.17      0         0         0         0         0         0         0        -0.27     -0.16     -0.024    -0.16     -0.00062  -0.046    -0.0025  

EFC_POS
   0       
   0       
   0       
   0       
   0       
   0       
   0       
   0       
   0       
   0       
   0       
   0       
   0       
   0       
   0       
   0       
   0       
   0       
   0       
   0       
   0       
   0       
   0       
   0       
   0       
   0       
   0       
   0       
   0       
  -0.00015 
  -0.00015 
  -0.00015 
  -0.00015 

EFC_MARGIN
   0       
   0       
   0       
   0       
   0       
   0       
   0       
   0       
   0       
   0       
   0       
   0       
   0       
   0       
   0       
   0       
   0       
   0       
   0       
   0       
   0       
   0       
   0       
   0       
   0       
   0       
   0       
   0       
   0       
   0       
   0       
   0       
   0       

EFC_FRICTIONLOSS
   0.2     
   0.2     
   0.2     
   0.2     
   0.2     
   0.2     
   0.2     
   0.2     
   0.2     
   0.2     
   0.2     
   0.2     
   0.2     
   0.2     
   0.2     
   0.2     
   0.2     
   0.2     
   0.2     
   0.2     
   0.1     
   0.1     
   0.2     
   0.2     
   0.2     
   0.2     
   0.2     
   0.1     
   0.1     
   0       
   0       
   0       
   0       

EFC_DIAGAPPROX
   18      
   8.1     
   60      
   24      
   82      
   97      
   18      
   8.1     
   60      
   24      
   82      
   97      
   19      
   7.5     
   22      
   17      
   20      
   37      
   39      
   96      
   81      
   89      
   17      
   20      
   37      
   39      
   96      
   81      
   89      
   5.4     
   5.4     
   5.4     
   5.4     

EFC_KBIP
   0         1.1e+02   0.9       0       
   0         1.1e+02   0.9       0       
   0         1.1e+02   0.9       0       
   0         1.1e+02   0.9       0       
   0         1.1e+02   0.9       0       
   0         1.1e+02   0.9       0       
   0         1.1e+02   0.9       0       
   0         1.1e+02   0.9       0       
   0         1.1e+02   0.9       0       
   0         1.1e+02   0.9       0       
   0         1.1e+02   0.9       0       
   0         1.1e+02   0.9       0       
   0         1.1e+02   0.9       0       
   0         1.1e+02   0.9       0       
   0         1.1e+02   0.9       0       
   0         1.1e+02   0.9       0       
   0         1.1e+02   0.9       0       
   0         1.1e+02   0.9       0       
   0         1.1e+02   0.9       0       
   0         1.1e+02   0.9       0       
   0         1.1e+02   0.9       0       
   0         1.1e+02   0.9       0       
   0         1.1e+02   0.9       0       
   0         1.1e+02   0.9       0       
   0         1.1e+02   0.9       0       
   0         1.1e+02   0.9       0       
   0         1.1e+02   0.9       0       
   0         1.1e+02   0.9       0       
   0         1.1e+02   0.9       0       
   2.8e+03   1.1e+02   0.9      -30      
   2.8e+03   1.1e+02   0.9      -30      
   2.8e+03   1.1e+02   0.9      -30      
   2.8e+03   1.1e+02   0.9      -30      

EFC_D
   0.51    
   1.1     
   0.15    
   0.37    
   0.11    
   0.093   
   0.51    
   1.1     
   0.15    
   0.37    
   0.11    
   0.093   
   0.48    
   1.2     
   0.4     
   0.53    
   0.45    
   0.24    
   0.23    
   0.093   
   0.11    
   0.1     
   0.53    
   0.45    
   0.24    
   0.23    
   0.093   
   0.11    
   0.1     
   1.7     
   1.7     
   1.7     
   1.7     

EFC_R
   2       
   0.9     
   6.6     
   2.7     
   9.2     
   11      
   2       
   0.9     
   6.6     
   2.7     
   9.2     
   11      
   2.1     
   0.84    
   2.5     
   1.9     
   2.2     
   4.1     
   4.3     
   11      
   9       
   9.9     
   1.9     
   2.2     
   4.1     
   4.4     
   11      
   9       
   9.9     
   0.59    
   0.59    
   0.59    
   0.59    

ACTUATOR_VELOCITY
   0.00012 
  -1e-05   
   4.5e-05 
   9.4e-05 
   2.7e-05 
  -5.9e-06 
   0.00013 
  -1.2e-05 
   3.9e-05 
   0.00011 
   2.5e-05 
  -5.7e-06 
  -2.9e-05 
   2.3e-05 
  -0.00011 
  -6.9e-05 
   4.3e-05 
   4e-05   
   5.7e-05 
   6.5e-07 
   2.8e-05 
  -2e-05   
  -2e-05   
   3e-05   
   1.4e-05 
   7.8e-05 
  -3.4e-05 
   9.9e-05 
  -1.1e-05 

CVEL
   0         0         0         0         0         0       
   0.0031    0.0037   -0.0023   -0.004     0.0014   -4.9e-05 
   0.003     0.0035   -0.0023   -0.004     0.0014   -5.1e-05 
   0.0031    0.0035   -0.0023   -0.004     0.0014   -5e-05   
   0.0031    0.0035   -0.0023   -0.004     0.0014   -5e-05   
   0.003     0.0034   -0.0023   -0.004     0.0014   -5.4e-05 
   0.003     0.0034   -0.0023   -0.0041    0.0014   -5.6e-05 
   0.003     0.0034   -0.0023   -0.0041    0.0014   -5.5e-05 
   0.003     0.0035   -0.0023   -0.004     0.0014   -5.2e-05 
   0.0031    0.0035   -0.0023   -0.004     0.0014   -5.3e-05 
   0.0031    0.0035   -0.0023   -0.004     0.0014   -5.3e-05 
   0.003     0.0034   -0.0023   -0.004     0.0014   -5.9e-05 
   0.003     0.0034   -0.0023   -0.0041    0.0014   -6e-05   
   0.003     0.0034   -0.0023   -0.0041    0.0014   -6.1e-05 
   0.0031    0.0037   -0.0024   -0.004     0.0014   -4.9e-05 
   0.003     0.0037   -0.0024   -0.004     0.0014   -4.9e-05 
   0.0031    0.0038   -0.0024   -0.004     0.0014   -4.7e-05 
   0.0031    0.0038   -0.0024   -0.004     0.0014   -4.7e-05 
   0.003     0.0038   -0.0024   -0.004     0.0014   -5.3e-05 
   0.003     0.0038   -0.0023   -0.004     0.0014   -5.2e-05 
   0.003     0.0038   -0.0023   -0.004     0.0014   -4.8e-05 
   0.003     0.0038   -0.0023   -0.004     0.0014   -4.8e-05 
   0.003     0.0038   -0.0023   -0.004     0.0014   -4.8e-05 
   0.003     0.0038   -0.0023   -0.004     0.0014   -4.3e-05 
   0.0031    0.0038   -0.0024   -0.004     0.0014   -4.7e-05 
   0.003     0.0038   -0.0024   -0.004     0.0014   -4.3e-05 
   0.003     0.0038   -0.0023   -0.004     0.0014   -4.3e-05 
   0.003     0.0037   -0.0023   -0.004     0.0014   -4.2e-05 
   0.003     0.0037   -0.0023   -0.004     0.0014   -4.3e-05 
   0.003     0.0036   -0.0023   -0.004     0.0014   -3.8e-05 
   0.003     0.0036   -0.0023   -0.004     0.0014   -4e-05   

CDOF_DOT
   0         0         0         0         0         0       
   0         0         0         0         0         0       
   0         0         0         0         0         0       
  -0         0         0        -7e-05    -0.00018   0.00053 
   0        -0         0        -0.00011   2.7e-05   0.0039  
   0        -0         0         0.0011    0.0037    3.1e-05 
  -0.0023    0.00036  -0.0024   -0.00012   0.00015   0.0043  
   0.00073   0.002     0.004    -0.00014   0.00082   0.00092 
   0.0035   -0.0033   -0.0004    0.0015    0.0042    0.00038 
  -0.0023    0.00038  -0.0024   -8.3e-05   0.00097   0.0056  
  -0.0023    0.00038  -0.0024   -3.3e-05   0.0017    0.0068  
   4.9e-05   0.0025    0.0039    0.001    -0.00025   0.0023  
  -0.0023    0.00036  -0.0024   -0.00012   0.00015   0.0043  
   0.00072   0.002     0.0039    0.00067   5.2e-05   0.00083 
   0.0035   -0.0033   -0.00039   0.0013    0.0037   -0.00056 
  -0.0023    0.00034  -0.0025   -9.4e-05   0.00099   0.0056  
  -0.0023    0.00034  -0.0025   -5.3e-05   0.0017    0.0067  
   1.9e-05   0.0026    0.0038    0.0018   -0.0009    0.0025  
   0.0037   -0.0029    0.00032   0.0014    0.004     6.5e-07 
   8.4e-05   0.0026    0.0041   -0.00036  -0.00022   0.0005  
  -0.0023    0.00036  -0.0024   -0.00014  -0.00024   0.0036  
  -0.0012   -0.00046  -0.0023    0.00023   0.00035   0.0027  
   0.0015    0.0015    0.0043   -0.00096   0.0018   -0.00021 
   0.0036   -0.0035   -0.0011    0.0018    0.0041    0.00067 
  -0.0022    0.00049  -0.0021    0.0001   -0.00053   0.0034  
   0.00025   0.0025    0.0044   -0.0011    0.00027  -8.5e-06 
   0.0036   -0.0028    0.00015   0.0019    0.0042    0.0014  
   0.0026   -0.00082   0.002    -0.0006    0.0015   -0.0034  
  -0.0033    0.0011   -0.0024   -0.00052  -0.0019    0.0027  
   0.00025   0.0024    0.0042   -0.00034  -0.00034  -7.4e-05 
   0.0038   -0.003     4.8e-05   0.0013    0.0037   -0.00056 
  -0.0024    0.00041  -0.0024   -6.5e-05  -0.00053   0.0034  
  -0.0034    0.0035    0.0012   -0.0013   -0.0036    0.00062 
  -0.0023    0.00042  -0.0024    9.5e-05  -0.0003    0.004   
   0.0014    0.0013    0.0039    0.00097   0.00065   0.00058 

QFRC_BIAS
   3e-05   
   1.1e-05 
   3.4e+02 
  -0.26    
  -5.1     
  -0.0074  
   0.23    
  -0.062   
   0.0057  
   0.026   
  -0.13    
  -1.5e-06 
   0.26    
   0.11    
  -0.015   
   0.035   
  -0.13    
   0.00026 
  -0.011   
  -0.38    
  -6.9     
  -3.2     
   0.3     
   0.03    
  -1.9     
  -0.0072  
  -0.034   
   0.17    
  -0.56    
  -0.3     
  -0.013   
  -0.39    
   0.0033  
  -0.12    
   0.0036  

QFRC_SPRING
   0       
   0       
   0       
   0       
   0       
   0       
   0       
   0       
   0       
   0       
   0       
   0       
   0       
   0       
   0       
   0       
   0       
   0       
   0       
   0       
   0       
   0       
   0       
   0       
   0       
   0       
   0       
   0       
   0       
   0       
   0       
   0       
   0       
   0       
   0       

QFRC_DAMPER
   0       
   0       
   0       
   0       
   0       
   0       
  -5.8e-06 
   5e-07   
  -2.2e-06 
  -4.7e-06 
  -1.3e-06 
   2.9e-07 
  -6.4e-06 
   5.9e-07 
  -2e-06   
  -5.4e-06 
  -1.2e-06 
   2.9e-07 
   1.5e-06 
  -1.1e-06 
   5.7e-06 
   3.4e-06 
  -2.2e-06 
  -2e-06   
  -2.8e-06 
  -3.2e-08 
  -1.4e-06 
   1e-06   
   9.9e-07 
  -1.5e-06 
  -6.8e-07 
  -3.9e-06 
   1.7e-06 
  -5e-06   
   5.6e-07 

QFRC_GRAVCOMP
   0       
   0       
   0       
   0       
   0       
   0       
   0       
   0       
   0       
   0       
   0       
   0       
   0       
   0       
   0       
   0       
   0       
   0       
   0       
   0       
   0       
   0       
   0       
   0       
   0       
   0       
   0       
   0       
   0       
   0       
   0       
   0       
   0       
   0       
   0       

QFRC_FLUID
   0       
   0       
   0       
   0       
   0       
   0       
   0       
   0       
   0       
   0       
   0       
   0       
   0       
   0       
   0       
   0       
   0       
   0       
   0       
   0       
   0       
   0       
   0       
   0       
   0       
   0       
   0       
   0       
   0       
   0       
   0       
   0       
   0       
   0       
   0       

QFRC_PASSIVE
   0       
   0       
   0       
   0       
   0       
   0       
  -5.8e-06 
   5e-07   
  -2.2e-06 
  -4.7e-06 
  -1.3e-06 
   2.9e-07 
  -6.4e-06 
   5.9e-07 
  -2e-06   
  -5.4e-06 
  -1.2e-06 
   2.9e-07 
   1.5e-06 
  -1.1e-06 
   5.7e-06 
   3.4e-06 
  -2.2e-06 
  -2e-06   
  -2.8e-06 
  -3.2e-08 
  -1.4e-06 
   1e-06   
   9.9e-07 
  -1.5e-06 
  -6.8e-07 
  -3.9e-06 
   1.7e-06 
  -5e-06   
   5.6e-07 

EFC_VEL
   0.00012 
  -1e-05   
   4.5e-05 
   9.4e-05 
   2.7e-05 
  -5.9e-06 
   0.00013 
  -1.2e-05 
   3.9e-05 
   0.00011 
   2.5e-05 
  -5.7e-06 
  -2.9e-05 
   2.3e-05 
  -0.00011 
  -6.9e-05 
   4.3e-05 
   4e-05   
   5.7e-05 
   6.5e-07 
   2.8e-05 
  -2e-05   
  -2e-05   
   3e-05   
   1.4e-05 
   7.8e-05 
  -3.4e-05 
   9.9e-05 
  -1.1e-05 
  -1.6e-05 
   1.1e-05 
  -1.3e-05 
   7.2e-06 

EFC_AREF
  -0.012   
   0.0011  
  -0.0047  
  -0.0099  
  -0.0028  
   0.00062 
  -0.014   
   0.0012  
  -0.0041  
  -0.011   
  -0.0026  
   0.0006  
   0.0031  
  -0.0024  
   0.012   
   0.0072  
  -0.0045  
  -0.0042  
  -0.006   
  -6.8e-05 
  -0.0029  
   0.0021  
   0.0021  
  -0.0031  
  -0.0014  
  -0.0082  
   0.0036  
  -0.01    
   0.0012  
   0.38    
   0.37    
   0.38    
   0.37    

SUBTREE_LINVEL
   0         0         0       
   0         0         0       
   0         0         0       
   0         0         0       
   0         0         0       
   0         0         0       
   0         0         0       
   0         0         0       
   0         0         0       
   0         0         0       
   0         0         0       
   0         0         0       
   0         0         0       
   0         0         0       
   0         0         0       
   0         0         0       
   0         0         0       
   0         0         0       
   0         0         0       
   0         0         0       
   0         0         0       
   0         0         0       
   0         0         0       
   0         0         0       
   0         0         0       
   0         0         0       
   0         0         0       
   0         0         0       
   0         0         0       
   0         0         0       
   0         0         0       

SUBTREE_ANGMOM
   0         0         0       
   0         0         0       
   0         0         0       
   0         0         0       
   0         0         0       
   0         0         0       
   0         0         0       
   0         0         0       
   0         0         0       
   0         0         0       
   0         0         0       
   0         0         0       
   0         0         0       
   0         0         0       
   0         0         0       
   0         0         0       
   0         0         0       
   0         0         0       
   0         0         0       
   0         0         0       
   0         0         0       
   0         0         0       
   0         0         0       
   0         0         0       
   0         0         0       
   0         0         0       
   0         0         0       
   0         0         0       
   0         0         0       
   0         0         0       
   0         0         0       

ACTUATOR_FORCE
   0.16    
  -0.04    
   0.0021  
   0.011   
  -0.13    
   8.1e-05 
   0.11    
   0.12    
  -0.019   
   0.021   
  -0.13    
   0.00034 
  -0.28    
   0.048   
  -1.2     
  -3.2     
   0.31    
   0.034   
  -1.9     
  -0.0072  
  -0.034   
   0.17    
   0.36    
   0.056   
   0.048   
   0.13    
  -0.0011  
   0.079   
   0.033   

QFRC_ACTUATOR
   0       
   0       
   0       
   0       
   0       
   0       
   0.16    
  -0.04    
   0.0021  
   0.011   
  -0.13    
   8.1e-05 
   0.11    
   0.12    
  -0.019   
   0.021   
  -0.13    
   0.00034 
  -0.28    
   0.048   
  -1.2     
  -3.2     
   0.31    
   0.034   
  -1.9     
  -0.0072  
  -0.034   
   0.17    
   0.36    
   0.056   
   0.048   
   0.13    
  -0.0011  
   0.079   
   0.033   

QFRC_SMOOTH
  -1       
  -0.2     
   0.013   
   0.049   
  -0.15    
   0.01    
  -0.072   
   0.022   
  -0.0036  
  -0.015   
  -0.00064 
   8.3e-05 
  -0.15    
   0.015   
  -0.0039  
  -0.015   
  -0.00066 
   7.9e-05 
  -0.27    
   0.24    
   0.47    
  -0.015   
   0.008   
   0.0034  
  -0.0005  
   1.7e-05 
   0.00079 
   1.1e-05 
   0.92    
   0.36    
   0.062   
   0.52    
  -0.0044  
   0.2     
   0.029   

QACC_SMOOTH
  -0.13    
   0.048   
   0.02    
  -0.66    
  -1.2     
   3       
   0.81    
   0.58    
  -1.3     
   0.43    
  -0.035   
  -0.073   
   2.7     
   0.57    
  -1.3     
  -1.1     
  -0.048   
  -0.067   
  -2.1     
   0.74    
   1.2     
  -0.42    
  -0.28    
  -0.45    
   0.55    
  -0.0042  
  -0.13    
  -0.03    
   2.1     
   1.6     
   1.3     
   8.1     
   0.056   
   5.5     
   1.1     

EFC_B
   0.82    
   0.58    
  -1.3     
   0.44    
  -0.033   
  -0.074   
   2.8     
   0.57    
  -1.3     
  -1.1     
  -0.045   
  -0.067   
  -2.1     
   0.74    
   1.2     
  -0.42    
  -0.28    
  -0.45    
   0.56    
  -0.0041  
  -0.13    
  -0.032   
   2.1     
   1.6     
   1.3     
   8.1     
   0.052   
   5.6     
   1.1     
  -3.4     
  -4.4     
  -4.8     
  -3       

EFC_FORCE
  -0.0059  
   0.0013  
  -0.00074 
  -0.0036  
  -0.0003  
   6e-05   
  -0.0068  
   0.0015  
  -0.00065 
  -0.0042  
  -0.00028 
   5.8e-05 
   0.0014  
  -0.003   
   0.0046  
   0.0037  
  -0.0022  
  -0.0011  
  -0.0014  
  -6.2e-06 
  -0.00033 
   0.00021 
   0.0011  
  -0.0014  
  -0.00034 
  -0.0018  
   0.00034 
  -0.0011  
   0.00013 
   0.64    
   0.63    
   0.64    
   0.64    

EFC_STATE
  3
  3
  1
  1
  1
  1
  3
  3
  2
  2
  1
  1
  2
  3
  3
  2
  1
  1
  1
  1
  1
  1
  3
  3
  3
  3
  1
  3
  3
  1
  1
  1
  1

QFRC_CONSTRAINT
   0       
   0       
   0       
   0       
   0       
   0       
  -0.0059  
   0.0013  
  -0.00074 
  -0.0036  
  -0.0003  
   6e-05   
   0.075   
   0.0086  
  -0.00065 
  -0.0042  
  -0.00028 
   5.8e-05 
   0.27    
  -0.26    
  -0.43    
   0.0037  
  -0.0022  
  -0.0011  
  -0.0014  
  -6.2e-06 
  -0.00033 
   0.00021 
  -0.94    
  -0.35    
  -0.061   
  -0.53    
   0.0044  
  -0.2     
  -0.029   

QFRC_INVERSE
   0       
   0       
   0       
   0       
   0       
   0       
   0       
   0       
   0       
   0       
   0       
   0       
   0       
   0       
   0       
   0       
   0       
   0       
   0       
   0       
   0       
   0       
   0       
   0       
   0       
   0       
   0       
   0       
   0       
   0       
   0       
   0       
   0       
   0       
   0       

CACC
   0         0         0        -0        -0         9.8     
  -0.0022    0.023     0.0022   -0.029    -0.0056    9.8     
  -0.0021    0.023     0.0022   -0.029    -0.0056    9.8     
  -0.002     0.023     0.0022   -0.029    -0.0056    9.8     
  -0.002     0.023     0.0024   -0.029    -0.0056    9.8     
  -0.002     0.023     0.0024   -0.028    -0.0056    9.8     
  -0.002     0.023     0.0024   -0.028    -0.0056    9.8     
  -0.0019    0.023     0.0024   -0.028    -0.0056    9.8     
  -0.0022    0.023     0.0022   -0.029    -0.0056    9.8     
  -0.0021    0.023     0.0022   -0.029    -0.0056    9.8     
  -0.0021    0.023     0.0024   -0.028    -0.0056    9.8     
  -0.002     0.023     0.0024   -0.028    -0.0056    9.8     
  -0.002     0.023     0.0024   -0.028    -0.0056    9.8     
  -0.002     0.023     0.0024   -0.028    -0.0056    9.8     
  -0.0022    0.023     0.0024   -0.029    -0.0056    9.8     
  -0.0023    0.023     0.0024   -0.029    -0.0056    9.8     
  -0.0024    0.022     0.0024   -0.028    -0.0056    9.8     
  -0.0024    0.022     0.0025   -0.028    -0.0056    9.8     
  -0.0027    0.022     0.0025   -0.028    -0.0057    9.8     
  -0.0026    0.022     0.0027   -0.028    -0.0057    9.8     
  -0.0026    0.022     0.0027   -0.028    -0.0057    9.8     
  -0.0026    0.022     0.0027   -0.028    -0.0057    9.8     
  -0.0026    0.022     0.0028   -0.028    -0.0057    9.8     
  -0.0026    0.022     0.0028   -0.028    -0.0057    9.8     
  -0.0024    0.022     0.0024   -0.028    -0.0056    9.8     
  -0.0024    0.022     0.0024   -0.028    -0.0056    9.8     
  -0.0024    0.022     0.0024   -0.028    -0.0056    9.8     
  -0.0024    0.022     0.0024   -0.029    -0.0056    9.8     
  -0.0024    0.022     0.0024   -0.028    -0.0056    9.8     
  -0.0024    0.023     0.0024   -0.029    -0.0056    9.8     
  -0.0023    0.023     0.0024   -0.029    -0.0056    9.8     

CFRC_INT
   0        -1.2e-15   3.1e-17   8.3e-16  -2.9e-16  -1.4e-14 
   0        -1.2e-15   3.1e-17   8.3e-16  -2.9e-16  -1.4e-14 
  -8.4      -0.41     -0.031    -0.26     -0.045     70      
  -6.8      -0.37     -0.026    -0.22     -0.037     57      
  -5.2      -0.85     -0.021    -0.17     -0.028     42      
  -3.3      -0.67     -0.014    -0.11     -0.017     26      
  -0.84     -0.15     -0.0039   -0.03     -0.0047    6.7     
  -0.75     -0.12     -0.0035   -0.027    -0.0042    6       
   7.7      -2.9       0.32     -2.4       1.1       71      
   6.3      -2.4       0.32     -2.4       1.1       58      
   4.4      -2.4       0.016    -0.17     -0.028     42      
   2.8      -1.7       0.011    -0.11     -0.017     26      
   0.71     -0.41      0.003    -0.03     -0.0047    6.7     
   0.64     -0.35      0.0027   -0.027    -0.0042    6       
   0.82      4.1      -0.29      2.8      -1.1      -1.8e+02 
   0.82      4.1      -0.29      2.8      -1.1      -1.8e+02 
   0.83      4.1      -0.29      2.8      -1.1      -1.8e+02 
  -4.2       4.3      -0.0072   -0.08     -0.019     35      
  -3.3       4        -0.0054   -0.066    -0.016     27      
  -2.4       3.7      -0.0036   -0.052    -0.012     21      
  -1.4       3.1      -0.0017   -0.035    -0.0083    14      
  -0.73      2.2      -0.00047  -0.02     -0.0049    8.1     
  -0.64      2        -0.00035  -0.018    -0.0045    7.3     
  -0.18      0.85      8.9e-05  -0.0063   -0.0016    2.5     
   5        -0.11     -0.28      2.1      -1.2       34      
   4.1       0.007    -0.29      2.1      -1.2       27      
   3.1       0.13     -0.29      2.1      -1.2       20      
   2.1       0.2      -0.29      2.1      -1.2       13      
   1.1       0.19     -0.29      2.1      -1.2       7.4     
   1         0.18     -0.29      2.1      -1.2       6.5     
   0.25      0.043    -0.29      2.1      -1.2       1.8     

CFRC_EXT
   0         0         0         0         0         0       
   0         0         0         0         0         0       
   0         0         0         0         0         0       
   0         0         0         0         0         0       
   0         0         0         0         0         0       
   0         0         0         0         0         0       
   0         0         0         0         0         0       
   0         0         0         0         0         0       
   0         0         0         0         0         0       
  -0.16     -0.1      -0.3       2.1      -1.2      -0.72    
   0         0         0         0         0         0       
   0         0         0         0         0         0       
   0         0         0         0         0         0       
   0         0         0         0         0         0       
   0         0         0         0         0         0       
   0         0         0         0         0         0       
  -0.0093    0.082     2e-05    -1        -0.2       3.4e+02 
   0         0         0         0         0         0       
   0         0         0         0         0         0       
   0         0         0         0         0         0       
   0         0         0         0         0         0       
   0         0         0         0         0         0       
   0         0         0         0         0         0       
   0         0         0         0         0         0       
   0         0         0         0         0         0       
   0         0         0         0         0         0       
   0         0         0         0         0         0       
   0         0         0         0         0         0       
   0         0         0         0         0         0       
   0         0         0         0         0         0       
   0.16      0.1       0.3      -2.1       1.2       0.72    

TREE_ISLAND
  0

ISLAND_NTREE
  1

ISLAND_ITREEADR
  0

MAP_ITREE2TREE
  0

DOF_ISLAND            0 0 0 0 0 0 0 0 0 0 0 0 0 0 0 0 0 0 0 0 0 0 0 0 0 0 0 0 0 0 0 0 0 0 0

ISLAND_NV             35

ISLAND_IDOFADR        0

MAP_IDOF2DOF          0 1 2 3 4 5 6 7 8 9 10 11 12 13 14 15 16 17 18 19 20 21 22 23 24 25 26 27 28 29 30 31 32 33 34

EFC_ISLAND            0 0 0 0 0 0 0 0 0 0 0 0 0 0 0 0 0 0 0 0 0 0 0 0 0 0 0 0 0 0 0 0 0

ISLAND_NEFC           33

ISLAND_IEFCADR        0

MAP_IEFC2EFC          0 1 2 3 4 5 6 7 8 9 10 11 12 13 14 15 16 17 18 19 20 21 22 23 24 25 26 27 28 29 30 31 32

